sample_idx,label_B,gold_yes_no,p_yes,p_no,literal_decidedness,semantic_yes_mass,semantic_no_mass,semantic_decidedness,answerlike_nonliteral_mass,answerlike_over_literal_ratio,control_mass,decidedness_floor,literal_above_floor,semantic_above_floor,lean,top1_token_id,top1_decoded,top1_prob,top1_class,top1_nonliteral_token_id,top1_nonliteral_decoded,top1_nonliteral_prob,top1_nonliteral_class,top1_answerlike_nl_decoded,top1_answerlike_nl_prob,answerlike_exceeds_literal,answerlike_materially_exceeds_literal,top1_is_answerlike_nonliteral
0,1,NO,0.033055855359938435,0.9659235575313659,0.9989794128913043,0.03305603583219428,0.9659235930668049,0.9989796288989992,2.1600769476194143e-07,2.1622837465364718e-07,0.000818584572642124,0.00409292286321062,True,True,-3.374885980741058,9424, NO,0.9656925201416016,literal,107,"
",0.0006052253302186728,control,,,False,False,False
1,0,YES,0.9927359028117451,0.0035806953604663786,0.9963165981722114,0.9927379791336524,0.0035806969030989823,0.9963186760367514,2.077864539817471e-06,2.085546445406419e-06,0.0033717502153623657,0.01685875107681183,True,True,5.624907653174382,51327, YES,0.9924331903457642,literal,107,"
",0.0027875404339283705,control, CORRECT,1.2007122904833523e-06,False,False,False
2,0,YES,0.007537118516200189,0.9877665887676788,0.995303707283879,0.007537267245617167,0.9877666121548412,0.9953038794004584,1.7211657943309487e-07,1.7292870324254106e-07,0.004390078672180952,0.02195039336090476,True,True,-4.875606474196011,9424, NO,0.9867026805877686,literal,108,"

",0.00314045837149024,control,,,False,False,False
3,0,YES,0.9724883325912446,0.025917123168795925,0.9984054557600405,0.9724897092274732,0.025917126623940353,0.9984068358514135,1.3800913731496212e-06,1.3822955044842185e-06,0.001296631505820592,0.006483157529102959,True,True,3.6249542015814225,51327, YES,0.9718437194824219,literal,107,"
",0.0006090804236009717,control, Correct,8.081159421635675e-07,False,False,False
4,0,YES,0.9979712342964338,0.0013243672900576198,0.9992956015864913,0.9979715070540041,0.0013243674177441927,0.9992958744717483,2.7288525690281796e-07,2.7307761233971477e-07,0.0005404658855724139,0.0027023294278620694,True,True,6.624789623338701,51327, YES,0.9976721405982971,literal,107,"
",0.00037924409843981266,control,,,False,False,False
5,0,YES,0.9867474599843664,0.012416618547853898,0.9991640785322203,0.986748979761103,0.012416624007872804,0.9991656037689758,1.525236755518216e-06,1.5265128003388597e-06,0.0007143769457761496,0.0035718847288807483,True,True,4.375378359528035,51327, YES,0.9858394861221313,literal,107,"
",0.0004811835824511945,control, CORRECT,1.1204706424905453e-06,False,False,False
6,0,YES,0.9993187414868935,0.000295848301750299,0.9996145897886438,0.9993187931552792,0.000295848309383489,0.9996146414646626,5.167601895079223e-08,5.169594309514679e-08,0.0003533277106821661,0.0017666385534108307,True,True,8.124982235042777,51327, YES,0.9991853833198547,literal,107,"
",0.0002958035620395094,control,,,False,False,False
7,0,YES,0.9967790847848474,0.0024711802209813373,0.9992502650058288,0.9967805602567308,0.0024711811199595642,0.9992517413766904,1.4763708614635185e-06,1.477478578857226e-06,0.000589223638092667,0.002946118190463335,True,True,5.999833306271862,51327, YES,0.9965699911117554,literal,107,"
",0.0003788251196965575,control, CORRECT,7.784695981172263e-07,False,False,False
8,0,YES,0.9975576097478582,0.0010308573127078358,0.998588467060566,0.9975580026699015,0.00103085746930167,0.9985888601392031,3.9307863709558735e-07,3.936342648264798e-07,0.0011266986406602104,0.005633493203301052,True,True,6.874919101788974,51327, YES,0.9971390962600708,literal,107,"
",0.0008024307317100465,control,,,False,False,False
9,0,YES,0.0006252993871364934,0.9978718791407356,0.9984971785278721,0.0006253489739761775,0.9978718909108854,0.9984972398848615,6.135698940661523e-08,6.144933678939034e-08,0.0013909236319571074,0.0069546181597855364,True,True,-7.37514961337815,9424, NO,0.9975517392158508,literal,107,"
",0.0007084356620907784,control,,,False,False,False
10,0,YES,0.16434983580049384,0.8346722116517288,0.9990220474522227,0.16435000644130218,0.8346722192921457,0.9990222257334479,1.782812253315893e-07,1.7845574658362624e-07,0.0007652707639945204,0.003826353819972602,True,True,-1.6250417858522157,9424, NO,0.8345518708229065,literal,107,"
",0.0003594769805204123,control,,,False,False,False
11,0,YES,0.9980127241629042,0.000625504360841442,0.9986382285237456,0.9980129694653117,0.0006255044406193745,0.9986384739059311,2.4538218555431035e-07,2.4571679567790114e-07,0.0012501483234114996,0.006250741617057498,True,True,7.37496300162529,51327, YES,0.9977514147758484,literal,107,"
",0.0011682467302307487,control, CORRECT,1.633695347891262e-07,False,False,False
12,0,YES,0.9989843712046935,0.00023033610003519748,0.9992147073047287,0.9989844174180289,0.00023033610813811954,0.9992147535261671,4.622143836060663e-08,4.6257764244967785e-08,0.0007048542168802008,0.0035242710844010042,True,True,8.374954861970433,51327, YES,0.9988692402839661,literal,107,"
",0.0006260180380195379,control,,,False,False,False
13,1,NO,0.00042976950242676576,0.9978856076263578,0.9983153771287846,0.0004298417033841018,0.9978856391796486,0.9983154808830327,1.0375424805731287e-07,1.0392932978325583e-07,0.001596600611803722,0.00798300305901861,True,True,-7.750144900682987,9424, NO,0.9975143671035767,literal,107,"
",0.0013234824873507023,control,,,False,False,False
14,0,YES,0.9974726891637136,0.0019256225715370873,0.9993983117352506,0.9974728455964087,0.0019256226616889565,0.9993984682580976,1.565228471246639e-07,1.5661708178483313e-07,0.0005042757325625877,0.0025213786628129385,True,True,6.249975439348109,51327, YES,0.9971920847892761,literal,107,"
",0.00033452067873440683,control,,,False,False,False
15,1,NO,0.98679768618373,0.012425357988765805,0.9992230441724957,0.9867983210164312,0.012425366020050252,0.9992236870364815,6.428639856850083e-07,6.433638509782314e-07,0.0006548846664062872,0.0032744233320314365,True,True,4.37472565626505,51327, YES,0.9864869117736816,literal,107,"
",0.0004814995627384633,control, Correct,3.4194863474112935e-07,False,False,False
16,1,NO,0.998828621315458,0.0007093406198651384,0.9995379619353232,0.9988288069768471,0.0007093406727093569,0.9995381476495564,1.8571423317822472e-07,1.8580007988755276e-07,0.0003491094251214698,0.0017455471256073488,True,True,7.250002657163799,51327, YES,0.9986227750778198,literal,107,"
",0.00026089875609613955,control, CORRECT,1.2734344068121572e-07,False,False,False
17,0,YES,0.9987418620199431,0.0006261274108103712,0.9993679894307534,0.9987420120916669,0.0006261274403518727,0.9993681395320188,1.50101265360906e-07,1.5019619094104133e-07,0.00045032943186059467,0.0022516471593029734,True,True,7.3746977442317405,51327, YES,0.9983207583427429,literal,107,"
",0.00029554759385064244,control,,,False,False,False
18,1,NO,0.00755746380621276,0.9903104194368257,0.9978678832430385,0.007557518417842636,0.9903104409323114,0.997867959350154,7.610711554040392e-08,7.626973151301176e-08,0.001999414427080367,0.009997072135401835,True,True,-4.875482790297618,9424, NO,0.9893829226493835,literal,108,"

",0.0010223269928246737,control,,,False,False,False
19,1,NO,0.006684087888868368,0.9922960961632135,0.9989801840520818,0.00668419223890729,0.9922961399910103,0.9989803322299176,1.4817783572781065e-07,1.4832910411372625e-07,0.0009185308760545129,0.004592654380272564,True,True,-5.0002917868450885,9424, NO,0.9917690753936768,literal,107,"
",0.00048407778376713395,control,,,False,False,False
20,1,NO,0.9852887937865695,0.008526862599975104,0.9938156563865447,0.9852909184890949,0.008526868721586369,0.9938177872106813,2.130824136776124e-06,2.144083888277304e-06,0.0054198609106168374,0.027099304553084187,True,True,4.749713303639629,51327, YES,0.9846929311752319,literal,107,"
",0.004024215042591095,control,,,False,False,False
21,0,YES,0.9977298674908317,0.0006253475001216151,0.9983552149909534,0.9977303346591204,0.0006253475739344232,0.9983556822330548,4.6724210160943406e-07,4.680118805345931e-07,0.0014146002241311585,0.007073001120655792,True,True,7.374930347779683,51327, YES,0.9974929094314575,literal,107,"
",0.0011679440503939986,control, CORRECT,3.457636807979725e-07,False,False,False
22,1,NO,0.9683186523047664,0.029240674024094478,0.9975593263288609,0.9683189940135764,0.029240676659170815,0.9975596706727472,3.4434388631344114e-07,3.451863736071401e-07,0.0018435613713989666,0.009217806856994833,True,True,3.5000005332832376,51327, YES,0.968026876449585,literal,107,"
",0.0011334428563714027,control,,,False,False,False
23,0,YES,0.9979984579545571,0.0017001743677671002,0.9996986323223243,0.9979987051185278,0.0017001744398238495,0.9996988795583517,2.4723602729138095e-07,2.473105587001211e-07,0.00026265535421973664,0.0013132767710986831,True,True,6.375020915510316,51327, YES,0.997765064239502,literal,107,"
",0.0001791588874766603,control, CORRECT,1.5347357873451983e-07,False,False,False
24,1,NO,0.01097650926253505,0.9884048623820635,0.9993813716445985,0.0109766788435163,0.9884049310926964,0.9993816099362127,2.3829161423109232e-07,2.3843911943140954e-07,0.0005710582163160122,0.002855291081580061,True,True,-4.50033492572702,9424, NO,0.9878901839256287,literal,107,"
",0.00037552567664533854,control,,,False,False,False
25,0,YES,0.9992782719211919,0.00023039061427123367,0.9995086625354631,0.9992783573530882,0.00023039062805270394,0.999508747981141,8.544567786384385e-08,8.548768116435629e-08,0.00043400334993820095,0.002170016749691005,True,True,8.375012373652938,51327, YES,0.9991081357002258,literal,107,"
",0.00037978996988385916,control, CORRECT,5.6535771619792285e-08,False,False,False
26,0,YES,0.9756870554650066,0.022935706008872528,0.9986227614738791,0.9756872397984512,0.0229357062207965,0.9986229460192477,1.8454536863291318e-07,1.8479988215023308e-07,0.0013028342610315019,0.0065141713051575095,True,True,3.750446984453332,51327, YES,0.9750509262084961,literal,107,"
",0.0008891313918866217,control,,,False,False,False
27,0,YES,0.9963637408551445,0.0031712485196688537,0.9995349893748133,0.9963638402750292,0.0031712485802002782,0.9995350888552295,9.948041627885016e-08,9.95266972505614e-08,0.00035768233797121645,0.0017884116898560821,True,True,5.749987027128285,51327, YES,0.9960687160491943,literal,107,"
",0.0002948808833025396,control,,,False,False,False
28,0,YES,0.9992540584643973,0.00017944689013270484,0.99943350535453,0.9992542660769281,0.00017944690457010514,0.9994337129814982,2.0762696807917913e-07,2.0774465431347273e-07,0.00045070103669198275,0.0022535051834599138,True,True,8.62488504505401,51327, YES,0.9991163611412048,literal,107,"
",0.0002957831311505288,control, CORRECT,1.3562338097017346e-07,False,False,False
29,0,YES,0.967766907135919,0.02921836999731315,0.9969852771332322,0.9677679194463009,0.029218370231635166,0.9969862896779361,1.0125447040088723e-06,1.015606476075936e-06,0.0027103354327524054,0.013551677163762026,True,True,3.5001936388686468,51327, YES,0.9673035144805908,literal,107,"
",0.0012833994114771485,control, Correct,7.09828157141601e-07,False,False,False
30,1,NO,0.24072322986727723,0.741921206922747,0.9826444367900242,0.24072694778999912,0.741921427493633,0.9826483752836321,3.938493607817585e-06,4.0080556713711694e-06,0.015741341218036036,0.07870670609018018,True,True,-1.12559519763542,9424, NO,0.7407810688018799,literal,107,"
",0.008229334838688374,control,,,False,False,False
31,0,YES,0.994891743644468,0.00460693994803962,0.9994986835925076,0.9948920586224991,0.004606940197436961,0.9994989988199361,3.152274284895674e-07,3.153855364336674e-07,0.00038032917064089437,0.001901645853204472,True,True,5.375070079735423,51327, YES,0.994683563709259,literal,107,"
",0.0003336791414767504,control, CORRECT,1.8455273220752133e-07,False,False,False
32,1,NO,0.0016942669949486398,0.9947457163182263,0.996439983313175,0.0016943399371838314,0.9947457367024015,0.9964400766395853,9.332641037677335e-08,9.365984097352447e-08,0.00330788980830982,0.016539449041549102,True,True,-6.375236946478126,9424, NO,0.9942448735237122,literal,107,"
",0.0016938152257353067,control,,,False,False,False
33,0,YES,0.9974191222438491,0.0005519128807725671,0.9979710351246217,0.9974195592968313,0.0005519129481246483,0.997971472244956,4.3712033446580145e-07,4.380090394218866e-07,0.001757912511658416,0.00878956255829208,True,True,7.499536133056695,51327, YES,0.997197151184082,literal,107,"
",0.001323061645962298,control, CORRECT,2.865631927306822e-07,False,False,False
34,1,NO,0.9423383513009216,0.05316742366656345,0.995505774967485,0.9423393980515138,0.05316743057624445,0.9955068286277582,1.0536602730756533e-06,1.058417037420067e-06,0.004097878392438152,0.02048939196219076,True,True,2.8749185223407503,51327, YES,0.942129909992218,literal,107,"
",0.0023353067226707935,control,,,False,False,False
35,0,YES,0.9978679574883181,0.0015003985070138532,0.999368355995332,0.99786820760203,0.0015003986995512837,0.9993686063015813,2.503062491669189e-07,2.504644535373782e-07,0.0005886032501435268,0.002943016250717634,True,True,6.499890215600331,51327, YES,0.9976463913917542,literal,107,"
",0.0004869464610237628,control, CORRECT,1.354238463591173e-07,False,False,False
36,0,YES,0.9955665382863623,0.002467933619715084,0.9980344719060774,0.9955675369205774,0.002467934062547194,0.9980354709831246,9.990770472038998e-07,1.0010446285445746e-06,0.0017174980625469269,0.008587490312734635,True,True,5.999930750634872,51327, YES,0.9951790571212769,literal,107,"
",0.0009074858389794827,control, CORRECT,5.687455768565997e-07,False,False,False
37,1,NO,0.9975699359608059,0.001168429020649415,0.9987383649814553,0.9975703367234982,0.0011684291634930953,0.9987387658869913,4.0090553588598303e-07,4.014119712858203e-07,0.0010343157779401971,0.005171578889700986,True,True,6.749662127527131,51327, YES,0.9972860813140869,literal,107,"
",0.0008025490096770227,control,,,False,False,False
38,0,YES,0.9987419297197834,0.0008038060325438212,0.9995457357523272,0.9987421392661257,0.0008038060890062554,0.9995459453551319,2.0960280459195316e-07,2.0969806292474612e-07,0.0004270295144250598,0.002135147572125299,True,True,7.1248937073883845,51327, YES,0.9985923171043396,literal,107,"
",0.0003795938682742417,control, CORRECT,1.3555225564232387e-07,False,False,False
39,1,NO,6.601747725144025e-05,0.9995299051196119,0.9995959225968634,6.603169707102795e-05,0.9995299188883683,0.9995959505854393,2.7988576054494007e-08,2.7999890177405003e-08,0.0003943307037483731,0.0019716535187418653,True,True,-9.625120823596857,9424, NO,0.9993487000465393,literal,107,"
",0.0002033358468906954,control,,,False,False,False
40,0,YES,0.9989581952036338,0.0003351689329557955,0.9992933641365896,0.9989583814932176,0.0003351689660880907,0.9992935504593057,1.8632271590840254e-07,1.8645447132473382e-07,0.0006713525729087222,0.003356762864543611,True,True,7.999833524929623,51327, YES,0.9988042116165161,literal,107,"
",0.0005524230073206127,control, CORRECT,1.2736657595269207e-07,False,False,False
41,1,NO,0.0035901166318433437,0.9956674012210779,0.9992575178529213,0.0035903281598950484,0.9956674677315267,0.9992577958914217,2.780385005142135e-07,2.7824509252792777e-07,0.0006974557628341116,0.0034872788141705577,True,True,-5.625228577070412,9424, NO,0.995274543762207,literal,108,"

",0.0004857887979596853,control,,,False,False,False
42,1,NO,0.9969185947367052,0.0019243470449394392,0.9988429417816447,0.9969193248655028,0.0019243472207727094,0.9988436720862756,7.303046310460343e-07,7.311506148738297e-07,0.0010649987478896026,0.005324993739448013,True,True,6.25008240313046,51327, YES,0.9965099692344666,literal,107,"
",0.0008019244996830821,control, CORRECT,4.1665964545245515e-07,False,False,False
43,1,NO,4.002241375916038e-05,0.9990887956794012,0.9991288180931603,4.0030308735334276e-05,0.9990888057876832,0.9991288360964186,1.800325831593371e-08,1.8018956104472064e-08,0.0008584463755485476,0.0042922318777427375,True,True,-10.12515927210078,9424, NO,0.9988431930541992,literal,107,"
",0.0007093528402037919,control,,,False,False,False
44,0,YES,0.9822854845899354,0.015867376390037907,0.9981528609799732,0.9822909559999756,0.015867377746964676,0.9981583337469403,5.472766967070511e-06,5.482894635694798e-06,0.0014531792694759001,0.007265896347379501,True,True,4.125616781513881,51327, YES,0.9813588261604309,literal,107,"
",0.0010140357771888375,control, Correct,3.2274535897158785e-06,False,False,False
45,0,YES,0.9978261787402203,0.001031429894094714,0.9988576086343149,0.9978269758922645,0.001031430295525546,0.9988584061877901,7.975534750187084e-07,7.984656352662327e-07,0.0009956760478810368,0.004978380239405184,True,True,6.874633004362779,51327, YES,0.9975348711013794,literal,107,"
",0.000802749244030565,control, Correct,4.439880569861998e-07,False,False,False
46,1,NO,0.00015826287390325518,0.9989605272870766,0.9991187901609799,0.00015829781396327502,0.998960556997018,0.9991188548109813,6.465000140997394e-08,6.470702187430326e-08,0.000804442827593139,0.004022214137965695,True,True,-8.75021312891256,9424, NO,0.9986476302146912,literal,107,"
",0.0006258791545405984,control,,,False,False,False
47,0,YES,0.9987237696574522,0.0007093164564326833,0.9994330861138849,0.9987239975122154,0.0007093164827291483,0.9994333139949445,2.278810596537446e-07,2.2801032187139106e-07,0.0004739530839716779,0.0023697654198583896,True,True,7.24993174225014,51327, YES,0.9986114501953125,literal,107,"
",0.00037960114423185587,control, CORRECT,1.2734199117403477e-07,False,False,False
48,1,NO,0.9914498266451766,0.004053452082172285,0.9955032787273489,0.9914519452778174,0.0040534599930616595,0.995505405270879,2.1265435302605736e-06,2.1361491977998767e-06,0.0040152789136372056,0.020076394568186027,True,True,5.499599458919984,51327, YES,0.9910318851470947,literal,107,"
",0.0031542370561510324,control, CORRECT,1.1263721262366744e-06,False,False,False
49,1,NO,0.0011679755302896949,0.9979707561342934,0.9991387316645831,0.0011680706697781503,0.9979708701352431,0.9991389408050213,2.091404381545186e-07,2.09320719462138e-07,0.0008333803414257743,0.004166901707128872,True,True,-6.750452038464171,9424, NO,0.9972516894340515,literal,108,"

",0.000429558742325753,control,,,False,False,False
50,1,NO,0.0006255605341149407,0.9983674410261252,0.9989930015602401,0.0006255963756594535,0.9983674696041398,0.9989930659797992,6.441955914502441e-08,6.448449493080844e-08,0.0008590793624904753,0.004295396812452376,True,True,-7.375228560929729,9424, NO,0.9979617595672607,literal,108,"

",0.0004871003911830485,control,,,False,False,False
51,1,NO,0.9983674198902471,0.00023021670252545962,0.9985976365927726,0.9983674487658771,0.0002302167077977645,0.9985976654736749,2.8880902384454624e-08,2.8921460782739903e-08,0.0013610471694814692,0.006805235847407346,True,True,8.374855589161744,51327, YES,0.9981837868690491,literal,107,"
",0.001168753020465374,control,,,False,False,False
52,1,NO,0.004592519564616322,0.9922305243037552,0.9968230438683716,0.004593040204893502,0.9922306300505467,0.9968236702554402,6.263870686107177e-07,6.283834151545064e-07,0.003013594530658572,0.01506797265329286,True,True,-5.375526665220639,9424, NO,0.9911906719207764,literal,108,"

",0.0016886120429262519,control,,,False,False,False
53,1,NO,0.5611800487546778,0.4370200927781245,0.9982001415328022,0.5611801454526527,0.43702009601078456,0.9982002414634372,9.993063503413057e-08,1.0011082034178084e-07,0.0015617027492151245,0.007808513746075623,True,True,0.25006262361695986,51327, YES,0.5610109567642212,literal,108,"

",0.0006568763055838645,control,,,False,False,False
54,1,NO,0.001498145159361928,0.9965439213472242,0.9980420665065862,0.0014981922748902837,0.9965439356941515,0.9980421279690417,6.146245557966168e-08,6.158303105879765e-08,0.0018345142090857305,0.009172571045428653,True,True,-6.5000654311158375,9424, NO,0.9959959983825684,literal,108,"

",0.0011661914177238941,control,,,False,False,False
55,1,NO,0.00043028001589704877,0.9991291076847482,0.9995593877006452,0.00043046903031898696,0.9991292043375273,0.9995596733678462,2.8566720105005446e-07,2.8579312501600757e-07,0.00040470858155619224,0.002023542907780961,True,True,-7.750203087369295,9424, NO,0.9984039664268494,literal,108,"

",0.0002031436306424439,control,,,False,False,False
56,0,YES,0.9987135681535627,0.0006260145158505602,0.9993395826694133,0.9987137594793095,0.0006260145900074739,0.999339774069317,1.9139990379529895e-07,1.915263911432747e-07,0.000582219460689561,0.0029110973034478047,True,True,7.374849737266721,51327, YES,0.9985573887825012,literal,107,"
",0.0004301211447454989,control,,,False,False,False
57,1,NO,0.002182249284756916,0.9975889113885489,0.9997711606733058,0.0021822970194662035,0.997588932967616,0.9997712299870821,6.931377627308663e-08,6.932964162159525e-08,0.00021639546497590644,0.0010819773248795322,True,True,-6.124985151680279,9424, NO,0.9974985718727112,literal,108,"

",0.00010863634088309482,control,,,False,False,False
58,0,YES,0.9983077887567169,0.000430072451031599,0.9987378612077484,0.9983081824215685,0.00043007250970308127,0.9987382549312716,3.9372352311674383e-07,3.942210848406447e-07,0.0011342612125592913,0.0056713060627964565,True,True,7.749863225724251,51327, YES,0.9981628060340881,literal,107,"
",0.0009102066396735609,control, CORRECT,2.8684067387985124e-07,False,False,False
59,1,NO,0.0046036307240886,0.9943412771902403,0.998944907914329,0.004603744721499912,0.9943412810203661,0.998945025741866,1.1782753722525453e-07,1.1795198743368497e-07,0.0009862544580945202,0.004931272290472601,True,True,-5.375235204710597,9424, NO,0.9939237236976624,literal,107,"
",0.0007058591581881046,control,,,False,False,False
60,1,NO,0.05324138071451408,0.943947158404446,0.9971885391189601,0.05324152437947257,0.9439471792695259,0.9971887036489985,1.6453003841973334e-07,1.6499391234991484e-07,0.0026179220453050457,0.013089610226525229,True,True,-2.875234261322679,9424, NO,0.9433565139770508,literal,107,"
",0.0012516268761828542,control,,,False,False,False
61,1,NO,0.005216758270551468,0.9943814894138632,0.9995982476844146,0.005216808381867532,0.9943815024783964,0.999598310860264,6.317584935071163e-08,6.320124059546872e-08,0.0003464413408026173,0.0017322067040130866,True,True,-5.2502447369893765,9424, NO,0.9939481019973755,literal,107,"
",0.00020223700266797096,control,,,False,False,False
62,1,NO,0.00023035723152321953,0.9992017486678086,0.9994321058993318,0.00023037206971241063,0.9992017508504589,0.9994321229201714,1.7020839602284e-08,1.7030511129085573e-08,0.0005410543305115515,0.0027052716525577574,True,True,-8.375080698998215,9424, NO,0.9989933371543884,literal,107,"
",0.00033512493246234953,control,,,False,False,False
63,0,YES,0.022968391756645723,0.9766101915883678,0.9995785833450135,0.022968456438086916,0.9766101922502239,0.9995786486883108,6.534329735041332e-08,6.537084571354756e-08,0.00039284498849740914,0.0019642249424870455,True,True,-3.749968588014446,9424, NO,0.9760627150535583,literal,107,"
",0.00022504088701680303,control,,,False,False,False
64,0,YES,0.9968364427385406,0.0010304696717472238,0.9978669124102878,0.9968368082362085,0.0010304698021524204,0.9978672780383608,3.656280733055313e-07,3.6640965719805116e-07,0.001848252265579558,0.00924126132789779,True,True,6.8745720158287575,51327, YES,0.9966046810150146,literal,107,"
",0.001498334459029138,control,,,False,False,False
65,0,YES,0.8914408992209406,0.10646337249511306,0.9979042717160537,0.8914414637786003,0.10646339515568906,0.9979048589342894,5.872182356892841e-07,5.884514700788581e-07,0.001549704673353021,0.007748523366765105,True,True,2.125038135696853,51327, YES,0.8908578753471375,literal,107,"
",0.0010430872207507491,control,,,False,False,False
66,0,YES,0.8501269239823224,0.14771506698885492,0.9978419909711773,0.8501275918009928,0.1477150717913962,0.997842663592389,6.726212117475677e-07,6.740758735688407e-07,0.0017245616482594141,0.00862280824129707,True,True,1.7501004655715406,51327, YES,0.8499051332473755,literal,107,"
",0.0012777806259691715,control,,,False,False,False
67,1,NO,0.9988392450469523,0.0002609485227486886,0.999100193569701,0.9988393105260024,0.00026094852782903465,0.9991002590538314,6.548413053128763e-08,6.554310664010417e-08,0.0008560161799606779,0.004280080899803389,True,True,8.250025967960058,51327, YES,0.9986735582351685,literal,107,"
",0.000709232350345701,control,,,False,False,False
68,0,YES,0.9984161791409387,0.0007091257057627925,0.9991253048467015,0.9984163453243994,0.0007091257535765811,0.999125471077976,1.6623127436247456e-07,1.6637680334598258e-07,0.0008081693366868729,0.0040408466834343645,True,True,7.249892669220974,51327, YES,0.99830162525177,literal,107,"
",0.0007089682621881366,control,,,False,False,False
69,0,YES,0.18110308334847902,0.8114646197170821,0.9925677030655611,0.18110351363480232,0.8114647217552209,0.9925682353900231,5.323244620666615e-07,5.363104808090864e-07,0.006047626527407334,0.03023813263703667,True,True,-1.4997743969640174,9424, NO,0.810538649559021,literal,107,"
",0.0033124862238764763,control,,,False,False,False
70,0,YES,0.02590720523216647,0.9725825743306515,0.998489779562818,0.025907272089876535,0.9725826114428813,0.9984898835327578,1.0396993980248168e-07,1.0412719482016552e-07,0.0013771653191636723,0.006885826595818362,True,True,-3.6254338568790905,9424, NO,0.971679151058197,literal,108,"

",0.0008860566886141896,control,,,False,False,False
71,0,YES,0.9985709972228505,0.0006258388838594406,0.99919683610671,0.9985711406291701,0.0006258389359739501,0.999196979565144,1.4345843416022573e-07,1.4357374741016993e-07,0.0007438347250985482,0.003719173625492741,True,True,7.374987567644793,51327, YES,0.998206377029419,literal,107,"
",0.0006256026099435985,control,,,False,False,False
72,0,YES,0.9969857946346161,0.0014987728898495658,0.9984845675244657,0.9969865916699567,0.0014987729725471277,0.9984853646425038,7.971180381197168e-07,7.983278500698361e-07,0.0013786787132497543,0.006893393566248771,True,True,6.50008982121455,51327, YES,0.9966950416564941,literal,107,"
",0.0010298825800418854,control, CORRECT,5.696119842468761e-07,False,False,False
73,0,YES,0.9988276379957115,0.0007093494557619884,0.9995369874514735,0.9988278007966609,0.0007093494755005679,0.9995371502721615,1.628206880239216e-07,1.6289611096740568e-07,0.00043026416279766004,0.0021513208139883003,True,True,7.249989216274435,51327, YES,0.9987103939056396,literal,107,"
",0.00037963874638080597,control, CORRECT,1.1239004749086234e-07,False,False,False
74,1,NO,0.0035919014615791323,0.9959602930201705,0.9995521944817497,0.0035919614227905104,0.9959603026356422,0.9995522640584327,6.957668290476334e-08,6.960785368575738e-08,0.0004084994645870473,0.0020424973229352366,True,True,-5.62502567274846,9424, NO,0.9957259893417358,literal,107,"
",0.0002947794273495674,control,,,False,False,False
75,0,YES,0.9963635829597712,0.002470576876679749,0.998834159836451,0.9963638937812839,0.002470577373361837,0.9988344711546457,3.113181947893207e-07,3.116815656768246e-07,0.0010743656677156123,0.005371828338578062,True,True,5.999660557018909,51327, YES,0.9959653615951538,literal,107,"
",0.0009082028409466147,control, CORRECT,1.8479055086118024e-07,False,False,False
76,0,YES,0.20154696966771443,0.7971288941942889,0.9986758638620034,0.20154702988020046,0.7971289054536705,0.998675935333871,7.14718676412081e-08,7.156663160439016e-08,0.0010964673478149004,0.005482336739074502,True,True,-1.374993935608155,9424, NO,0.7969173192977905,literal,107,"
",0.0008234527194872499,control,,,False,False,False
77,1,NO,0.0019251319339970057,0.9973616087875156,0.9992867407215126,0.0019251546551187285,0.9973616143567933,0.999286769011912,2.8290399397279918e-08,2.8310592189838794e-08,0.0006093406045189454,0.003046703022594727,True,True,-6.250118898030447,9424, NO,0.9971237778663635,literal,107,"
",0.00048669139505364,control,,,False,False,False
78,0,YES,0.9883294812390591,0.009695573323198158,0.9980250545622572,0.9883304775050373,0.009695575981362453,0.9980260534863998,9.989241425314966e-07,1.0009008671326732e-06,0.0017412256021078114,0.008706128010539056,True,True,4.62434670217516,51327, YES,0.9880593419075012,literal,107,"
",0.0013109378051012754,control,,,False,False,False
79,1,NO,0.00048708184047587997,0.9980558014769565,0.9985428833174324,0.0004871114219936157,0.9980558193543727,0.9985429307763664,4.745893396205189e-08,4.7528188077792255e-08,0.0013625194410922796,0.006812597205461398,True,True,-7.625132305759826,9424, NO,0.9977858066558838,literal,108,"

",0.0007086019613780081,control,,,False,False,False
80,1,NO,0.9932633159935571,0.005212266197769988,0.9984755821913271,0.9932640259195705,0.00521226747488498,0.9984762933944555,7.112031283580407e-07,7.122889543249345e-07,0.0013886571777271168,0.006943285888635584,True,True,5.249981068927244,51327, YES,0.9929728507995605,literal,107,"
",0.001026036450639367,control, Correct,4.7046140139173076e-07,False,False,False
81,1,NO,0.9991131007057049,0.000552604497384331,0.9996657052030893,0.9991131914812922,0.000552604515264652,0.9996657959965568,9.079346751115274e-08,9.082382944477164e-08,0.0003064117925836458,0.001532058962918229,True,True,7.499980712288203,51327, YES,0.9990295171737671,literal,107,"
",0.0002610050141811371,control, CORRECT,6.818979159106675e-08,False,False,False
82,1,NO,0.00017914769942287535,0.9978382383315068,0.9980173860309296,0.00017921991619748145,0.997838240591206,0.9980174605074035,7.447647375548533e-08,7.462442518328757e-08,0.0017410873650154412,0.008705436825077205,True,True,-8.625135848691638,9424, NO,0.9975405931472778,literal,108,"

",0.0011679999297484756,control,,,False,False,False
83,0,YES,0.9976917040965709,0.0010310695295594296,0.9987227736261304,0.9976918553975388,0.0010310695810526198,0.9987229249785914,1.5135246115281842e-07,1.5154601972606753e-07,0.001101543032455018,0.00550771516227509,True,True,6.8748476721751945,51327, YES,0.997577965259552,literal,107,"
",0.0008027839357964694,control,,,False,False,False
84,0,YES,0.959749741335262,0.03721041899802428,0.9969601603332863,0.959750151984579,0.03721042044379173,0.9969605724283708,4.1209508446199294e-07,4.1335160707347475e-07,0.002762987060687515,0.013814935303437576,True,True,3.250083761686513,51327, YES,0.9593164920806885,literal,107,"
",0.0020984963048249483,control,,,False,False,False
85,1,NO,0.004600641201385779,0.9936836552429096,0.9982842964442954,0.0046008838390945205,0.9936836859482726,0.9982845697873671,2.7334307179575744e-07,2.7381285348207426e-07,0.0015570724360643808,0.007785362180321904,True,True,-5.375223216117244,9424, NO,0.9930447936058044,literal,107,"
",0.0007991359452717006,control,,,False,False,False
86,0,YES,0.9994125041571688,0.00023042533158464888,0.9996429294887534,0.9994126505748323,0.0002304253437612472,0.9996430759185936,1.4642983997071397e-07,1.4648214442491227e-07,0.00031152352703461665,0.0015576176351730833,True,True,8.374996016247307,51327, YES,0.999263346195221,literal,107,"
",0.00026106610312126577,control, CORRECT,7.728723971922591e-08,False,False,False
87,0,YES,0.8684002964510089,0.11754992214217058,0.9859502185931794,0.8684022009134611,0.11754993339700032,0.9859521343104614,1.9157172820000783e-06,1.9430162353770288e-06,0.013405314123071502,0.06702657061535751,True,True,1.9997896667249468,51327, YES,0.867867648601532,literal,108,"

",0.009641137905418873,control, Correct,1.3482325584845967e-06,False,False,False
88,1,NO,0.9975923404912649,0.0019258706511306417,0.9995182111423955,0.9975925330246546,0.0019258708065130238,0.9995184038311676,1.9268877201391644e-07,1.9278165206583235e-07,0.00040412708668373,0.00202063543341865,True,True,6.249966564091567,51327, YES,0.9974138736724854,literal,107,"
",0.0002952791110146791,control,,,False,False,False
89,0,YES,0.9861116764831213,0.01241262025229373,0.998524296735415,0.9861127732124406,0.01241262337873194,0.9985253965911726,1.099855757613349e-06,1.1014812170412159e-06,0.0012945385079704162,0.006472692539852081,True,True,4.375055892938822,51327, YES,0.9857949018478394,literal,107,"
",0.0010186195140704513,control, Correct,5.997176231176127e-07,False,False,False
90,0,YES,0.9974065502487893,0.0016991401977348118,0.9991056904465241,0.9974066170118197,0.0016991402813779988,0.9991057572931976,6.684667366863146e-08,6.69065087986398e-08,0.0008466367899143504,0.004233183949571752,True,True,6.375036102745717,51327, YES,0.9971655011177063,literal,107,"
",0.0007081613875925541,control,,,False,False,False
91,1,NO,0.004069386174757137,0.9957790647541686,0.9998484509289257,0.0040694910134623724,0.9957790733251597,0.999848564338622,1.1340969644902596e-07,1.1342688618826264e-07,0.0001436339593615918,0.000718169796807959,True,True,-5.500033239130146,9424, NO,0.9955734014511108,literal,107,"
",9.56862058956176e-05,control, Correct,9.2881961677449e-08,False,False,False
92,0,YES,0.9989335419679057,0.0004876209358914516,0.9994211629037972,0.9989337165747474,0.00048762099062060857,0.999421337565368,1.7466157077378425e-07,1.7476272992489845e-07,0.0005224001005159505,0.0026120005025797527,True,True,7.624905195515192,51327, YES,0.9986528158187866,literal,107,"
",0.00043016226845793426,control, CORRECT,1.1963169299633591e-07,False,False,False
93,1,NO,0.9945564171486874,0.0019205429777327783,0.9964769601264202,0.9945571661088702,0.0019205433339849521,0.9964777094428552,7.49316435002259e-07,7.519656399353131e-07,0.003094358431916882,0.015471792159584411,True,True,6.2496888783628295,51327, YES,0.9942100048065186,literal,107,"
",0.0019192767795175314,control, CORRECT,4.4250819541957753e-07,False,False,False
94,0,YES,0.9989550396521709,0.0004303761746281086,0.9993854158267991,0.9989552236541385,0.00043037637188910144,0.9993856000260276,1.8419922864803852e-07,1.8431250419604045e-07,0.0005627431981823015,0.0028137159909115074,True,True,7.749805397974165,51327, YES,0.9987245202064514,literal,107,"
",0.0003350347687955946,control, CORRECT,9.918527155150514e-08,False,False,False
95,0,YES,0.006688017412193603,0.9922413303602973,0.9989293477724909,0.006688952602294838,0.9922418278200519,0.9989307804223467,1.4326498558675588e-06,1.4341853696282123e-06,0.0009540027420144249,0.004770013710072124,True,True,-4.999648874845434,9424, NO,0.9911934733390808,literal,107,"
",0.0007039202027954161,control, Correct,8.242058129326324e-07,False,False,False
96,1,NO,0.0006254881142401542,0.9984322112875335,0.9990576994017736,0.0006258879814961694,0.9984322903410171,0.9990581783225133,4.789207396591536e-07,4.793724526080193e-07,0.000859721314505235,0.004298606572526175,True,True,-7.375409209675017,9424, NO,0.9973875880241394,literal,107,"
",0.000379135919502005,control,,,False,False,False
97,0,YES,0.9977324213879282,0.0006256089669195606,0.9983580303548477,0.9977329780568338,0.0006256090772704611,0.9983585871341043,5.567792567103224e-07,5.576949749304121e-07,0.001501479186701355,0.0075073959335067745,True,True,7.3745148804654965,51327, YES,0.9974187612533569,literal,107,"
",0.0010306304320693016,control, CORRECT,3.0511270665556367e-07,False,False,False
98,1,NO,0.00048597102313702027,0.9961672618548363,0.9966532328779732,0.00048608619966378046,0.9961672870693294,0.9966533732689932,1.403910198515201e-07,1.408624536802251e-07,0.003227581570618941,0.016137907853094706,True,True,-7.625521455051824,9424, NO,0.9953117370605469,literal,108,"

",0.0016956328181549907,control,,,False,False,False
99,1,NO,0.9978891247446717,0.0009100783818149729,0.9987992031264867,0.9978892694311214,0.0009100784927813162,0.9987993479239028,1.4479741607186918e-07,1.4497149739268687e-07,0.0011252616600888482,0.005626308300444241,True,True,6.999866720909594,51327, YES,0.9976217150688171,literal,107,"
",0.0010308402124792337,control,,,False,False,False
100,1,NO,0.9985666592310405,0.0004301363736146365,0.9989967956046552,0.9985670941372558,0.000430136430214069,0.9989972305674698,4.349628146405968e-07,4.3539960944252093e-07,0.0009453084450128968,0.004726542225064484,True,True,7.749973880308107,51327, YES,0.9983383417129517,literal,107,"
",0.0006256853230297565,control, CORRECT,2.69509257577738e-07,False,False,False
101,1,NO,0.022945023020567973,0.9760635899545724,0.9990086129751404,0.022945228069637745,0.9760636859167093,0.9990089139863471,3.010112066771693e-07,3.013099214237302e-07,0.0008893925945373877,0.004446962972686938,True,True,-3.750426686750375,9424, NO,0.9753494262695312,literal,108,"

",0.00047606343287043273,control,,,False,False,False
102,1,NO,0.0006249736046620778,0.9976942876631889,0.998319261267851,0.0006254196634733725,0.9976946339306518,0.9983200535941252,7.923262743692373e-07,7.936602098240541e-07,0.001597838409895838,0.00798919204947919,True,True,-7.3754927654767615,9424, NO,0.9968817234039307,literal,108,"

",0.0009090384701266885,control, Correct,2.6911601480605896e-07,False,False,False
103,0,YES,0.9984374345785455,0.0006258504640702994,0.9990632850426158,0.9984377010494392,0.0006258505287813632,0.9990635515782206,2.665356047653186e-07,2.667855067398952e-07,0.0008041221638393301,0.004020610819196651,True,True,7.374835301589639,51327, YES,0.9982594847679138,literal,107,"
",0.0005521217244677246,control,,,False,False,False
104,1,NO,0.00023024843548227978,0.9987489560093477,0.9989792044448299,0.00023031200002978535,0.9987489783049807,0.9989792903050104,8.586018041389814e-08,8.594791566418428e-08,0.0008957107047520174,0.004478553523760087,True,True,-8.375099846175571,9424, NO,0.9985333681106567,literal,107,"
",0.0005522731808014214,control,,,False,False,False
105,0,YES,0.9932263566501445,0.004599413998040659,0.9978257706481851,0.9932266626298873,0.004599414638515418,0.9978260772684028,3.0662021751087005e-07,3.072883328235653e-07,0.0018883294227944065,0.009441647113972032,True,True,5.375029686518196,51327, YES,0.992921769618988,literal,107,"
",0.0011625917395576835,control,,,False,False,False
106,0,YES,0.9920388159501465,0.005898103953830183,0.9979369199039767,0.9920399562761706,0.005898105564025914,0.9979380618401965,1.1419362195826109e-06,1.1442969959388716e-06,0.0017564192155808897,0.008782096077904448,True,True,5.125131299827139,51327, YES,0.9916159510612488,literal,108,"

",0.0010246344609186053,control, CORRECT,6.835819021944189e-07,False,False,False
107,1,NO,0.99751959482137,0.001030944459847377,0.9985505392812174,0.9975201884203301,0.0010309446889014118,0.9985511331092315,5.938280140749751e-07,5.946899938609296e-07,0.0012466497520639015,0.006233248760319507,True,True,6.874796458126655,51327, YES,0.9972136616706848,literal,107,"
",0.0010304184397682548,control, CORRECT,3.916919126822904e-07,False,False,False
108,1,NO,0.009696785048796983,0.9891838718188237,0.9988806568676207,0.00969680129646008,0.9891838739679262,0.9988806752643863,1.8396765586183484e-08,1.8417380955071957e-08,0.0009988647182538467,0.004994323591269233,True,True,-4.625085838841784,9424, NO,0.9887766242027283,literal,108,"

",0.0005468769231811166,control,,,False,False,False
109,1,NO,0.0014974928646820439,0.9961949189801187,0.9976924118448007,0.001497524516698855,0.9961949259992942,0.997692450515993,3.8671192178422174e-08,3.876063576239547e-08,0.002107214871553811,0.010536074357769055,True,True,-6.500150653381879,9424, NO,0.995905876159668,literal,107,"
",0.0010290672071278095,control,,,False,False,False
110,0,YES,0.992650922391783,0.003580337791466812,0.9962312601832498,0.9926514409210713,0.0035803383210917883,0.9962317792421631,5.190589131978959e-07,5.210225114823426e-07,0.0034508934502371826,0.017254467251185915,True,True,5.624921912466153,51327, YES,0.9924424886703491,literal,107,"
",0.0027875665109604597,control,,,False,False,False
111,1,NO,0.9970116827717717,0.0024709826721341834,0.9994826654439058,0.9970120048058037,0.002470982881802145,0.9994829876876058,3.222437002019602e-07,3.224104942919048e-07,0.0004712689897218114,0.002356344948609057,True,True,6.000146572924377,51327, YES,0.9966173768043518,literal,107,"
",0.00037884313496761024,control, CORRECT,1.6318384155056265e-07,False,False,False
112,1,NO,0.06736603486420878,0.9301263476525435,0.9974923825167523,0.06736627264429781,0.930126358541242,0.9974926311855399,2.4866878741113805e-07,2.4929392120642263e-07,0.0022834734249986338,0.01141736712499317,True,True,-2.6251794774611,9424, NO,0.9296771287918091,literal,108,"

",0.0012334773782640696,control,,,False,False,False
113,0,YES,0.9565910605009849,0.042025239611698455,0.9986163001126833,0.9565929543459067,0.04202524193384117,0.9986181962797479,1.8961670645339616e-06,1.898794426167487e-06,0.0012254283181272671,0.006127141590636336,True,True,3.1251056051794714,51327, YES,0.9562113881111145,literal,107,"
",0.00087195192463696,control, Correct,1.4854745131742675e-06,False,False,False
114,0,YES,0.9989679664176796,0.00037976438551872213,0.9993477308031983,0.9989682178691363,0.00037976442481183506,0.9993479822939481,2.5149074971606964e-07,2.5165489645325043e-07,0.0005948398713823096,0.0029741993569115483,True,True,7.874926966527714,51327, YES,0.9988120794296265,literal,107,"
",0.0004875154118053615,control, CORRECT,1.4432637840400275e-07,False,False,False
115,0,YES,0.0013226730832303435,0.9971658634526455,0.9984885365358758,0.0013228404556626693,0.9971659076285642,0.9984887480842268,2.1154835097314674e-07,2.1186858259493476e-07,0.0012719036607366043,0.006359518303683021,True,True,-6.625262365934982,9424, NO,0.9966349005699158,literal,107,"
",0.0006246176781132817,control,,,False,False,False
116,0,YES,0.9989004707062149,0.0005526067627173243,0.9994530774689322,0.9989007471939179,0.0005526068107014814,0.9994533540046193,2.765356870670453e-07,2.7668701342874334e-07,0.0004981068468617071,0.0024905342343085352,True,True,7.499763771524326,51327, YES,0.9987372756004333,literal,107,"
",0.00033503901795484126,control, CORRECT,1.4431556394356448e-07,False,False,False
117,1,NO,0.0005518284761687673,0.997964057643898,0.9985158861200667,0.000551841986394669,0.9979640634465017,0.9985159054328964,1.931282972580644e-08,1.934153476601189e-08,0.0013204779062929032,0.006602389531464516,True,True,-7.500235272037325,9424, NO,0.9976359605789185,literal,108,"

",0.001030854880809784,control,,,False,False,False
118,0,YES,0.9967009578093929,0.0006246939955135277,0.9973256518049065,0.9967014817298118,0.0006246940345168471,0.9973261757643286,5.239594221630917e-07,5.253644295770975e-07,0.002124489167597052,0.010622445837985259,True,True,7.374944137674619,51327, YES,0.9965196847915649,literal,107,"
",0.0019237356027588248,control, CORRECT,3.914193200671434e-07,False,False,False
119,0,YES,0.9985292270612836,0.0008035810437241145,0.9993328081050077,0.9985293949459259,0.0008035810944657657,0.9993329760403916,1.679353838961668e-07,1.68047503828695e-07,0.0006327402607218225,0.0031637013036091123,True,True,7.124960657664864,51327, YES,0.998353123664856,literal,107,"
",0.00048729139962233603,control, CORRECT,9.314128845971936e-08,False,False,False
120,1,NO,0.025739314941539027,0.9687471674902284,0.9944864824317674,0.025740810847497138,0.9687476167530302,0.9944884276005274,1.9451687599167983e-06,1.9559529408186382e-06,0.005291185124351823,0.026455925621759115,True,True,-3.627984069478425,9424, NO,0.9648229479789734,literal,108,"

",0.003943011164665222,control,,,False,False,False
121,0,YES,0.002466357610004504,0.9952260212677392,0.9976923788777436,0.002466436338281477,0.995226054937034,0.9976924912753155,1.1239757174299334e-07,1.126575426680356e-07,0.0019018256032241347,0.009509128016120673,True,True,-6.000227457560145,9424, NO,0.9947070479393005,literal,107,"
",0.0009070553933270276,control,,,False,False,False
122,0,YES,0.8916112404534496,0.10645175005359937,0.998062990507049,0.8916113141832688,0.10645175024377591,0.9980630644270447,7.39199956186583e-08,7.406345723840987e-08,0.0018731079072292123,0.00936553953614606,True,True,2.1253383771316825,51327, YES,0.8911433815956116,literal,107,"
",0.001720311469398439,control,,,False,False,False
123,1,NO,0.9946153132583611,0.0021764186696982663,0.9967917319280594,0.9946165873977368,0.0021764194318217556,0.9967930068295586,1.2749014991900015e-06,1.2790048897416155e-06,0.0028913319047242517,0.014456659523621258,True,True,6.124675328262038,51327, YES,0.9943435192108154,literal,107,"
",0.0019195345230400562,control, CORRECT,8.801508215583453e-07,False,False,False
124,1,NO,0.10647293280342197,0.8918067853581413,0.9982797181615632,0.10647297921718636,0.8918067882678098,0.9982797674849961,4.932343293283761e-08,4.940842935652533e-08,0.0015462090542835356,0.007731045271417678,True,True,-2.1253586999990506,9424, NO,0.8913635611534119,literal,107,"
",0.001043679309077561,control,,,False,False,False
125,1,NO,0.9959979756145598,0.000624605458669234,0.9966225810732291,0.9959983878943282,0.0006246058571138318,0.996622993751442,4.1267821292235814e-07,4.14076723485393e-07,0.0031574379331534078,0.01578718966576704,True,True,7.374380318174341,51327, YES,0.9956077933311462,literal,107,"
",0.0021778831724077463,control,,,False,False,False
126,1,NO,0.998673230090056,0.0005523645025101139,0.9992255945925661,0.9986734764498146,0.0005523645653866367,0.9992258410152013,2.4642263508365994e-07,2.466136139998883e-07,0.0006935491123645666,0.0034677455618228326,True,True,7.499974746317433,51327, YES,0.9983235001564026,literal,107,"
",0.00043002041638828814,control, CORRECT,1.273052703254507e-07,False,False,False
127,1,NO,8.477601396509934e-05,0.9995208187990101,0.9996055948129752,8.478760671169416e-05,0.999520822084143,0.9996056096908547,1.487787939654066e-08,1.4883749624594979e-08,0.00037620896220775645,0.0018810448110387823,True,True,-9.375018601522576,9424, NO,0.9992961883544922,literal,107,"
",0.00020332516578491777,control,,,False,False,False
128,1,NO,0.014012155552821466,0.9826942552522266,0.9967064108050481,0.014012375682898757,0.9826942835494467,0.9967066592323454,2.4842729732936934e-07,2.492482185689089e-07,0.0032141395715437424,0.01607069785771871,True,True,-4.250372832725468,9424, NO,0.9820104241371155,literal,108,"

",0.0021481390576809645,control,,,False,False,False
129,1,NO,0.0013235627177666587,0.997641730720892,0.9989652934386587,0.0013235983636464823,0.9976417397106921,0.9989653380743386,4.463567988059739e-08,4.4681912548684796e-08,0.0010031947226736236,0.005015973613368118,True,True,-6.625067094479619,9424, NO,0.9975000023841858,literal,108,"

",0.0009096022695302963,control,,,False,False,False
130,0,YES,0.9967589380579593,0.0027995792707234046,0.9995585173286827,0.9967593472823252,0.00279957963118262,0.9995589269135078,4.0958482517630464e-07,4.097657296452427e-07,0.0003288686247932747,0.0016443431239663736,True,True,5.875039807631432,51327, YES,0.9964633584022522,literal,107,"
",0.00022974444436840713,control,,,False,False,False
131,0,YES,0.9958207403310166,0.002797086355952435,0.9986178266869691,0.9958209011033892,0.0027970865677128935,0.9986179876711021,1.609841329838984e-07,1.6120694892657984e-07,0.0011743970198508883,0.005871985099254441,True,True,5.8749889732078735,51327, YES,0.9953651428222656,literal,107,"
",0.0007068828563205898,control,,,False,False,False
132,0,YES,0.9973645005507259,0.0021821911764966853,0.9995466917272225,0.9973646738284151,0.0021821913722870376,0.9995468652007021,1.7347347965398813e-07,1.7355215228037515e-07,0.00041372854474713844,0.0020686427237356923,True,True,6.124786801200321,51327, YES,0.997124969959259,literal,107,"
",0.0003344981523696333,control, CORRECT,1.1221163731534034e-07,False,False,False
133,1,NO,0.008556886892287272,0.9898784894077384,0.9984353763000257,0.008557030620743795,0.9898785923447537,0.9984356229654975,2.466654718320748e-07,2.470520152702931e-07,0.0014946750413040596,0.007473375206520298,True,True,-4.750845754309692,9424, NO,0.9885468482971191,literal,108,"

",0.001021463074721396,control,,,False,False,False
134,0,YES,0.9980612067808629,0.00033481952545214337,0.998396026306315,0.9980614878536453,0.0003348195631627984,0.9983963074168082,2.8111049312215337e-07,2.8156211134188417e-07,0.0015327956089802933,0.007663978044901466,True,True,7.999978223202766,51327, YES,0.9978963136672974,literal,107,"
",0.0013239893596619368,control, CORRECT,1.7393122675457562e-07,False,False,False
135,1,NO,0.9976739953172593,0.0004869945423201218,0.9981609898595795,0.9976742987905999,0.000486994598018584,0.9981612933886185,3.0352903912437824e-07,3.040882605190556e-07,0.0015900976404287642,0.007950488202143821,True,True,7.624928925593178,51327, YES,0.9974086880683899,literal,107,"
",0.0011678454466164112,control,,,False,False,False
136,0,YES,0.9989583389068719,0.0004302986798819149,0.9993886375867538,0.9989584833826567,0.0004302986970684115,0.9993887820797251,1.4449297123958562e-07,1.4458136285048832e-07,0.0005720276085206817,0.0028601380426034086,True,True,7.7499887797040286,51327, YES,0.9987449645996094,literal,107,"
",0.0003350416081957519,control, CORRECT,8.753249147730457e-08,False,False,False
137,0,YES,0.9105559925635269,0.08464603725752878,0.9952020298210558,0.9105573437198486,0.08464604590698084,0.9952033896268295,1.3598057737546748e-06,1.3663615356564106e-06,0.003878776446947585,0.019393882234737925,True,True,2.3755770995431935,51327, YES,0.909302830696106,literal,107,"
",0.0025540445931255817,control,,,False,False,False
138,1,NO,0.00010876536979027934,0.9988471617840611,0.9989559271538514,0.00010882530653595878,0.9988472075314447,0.9989560328379807,1.056841293853989e-07,1.0579458664057985e-07,0.0010145829882583343,0.005072914941291672,True,True,-9.125164054138775,9424, NO,0.9985432624816895,literal,107,"
",0.0007091398583725095,control,,,False,False,False
139,1,NO,0.0024414747408424697,0.9852550070224311,0.9876964817632735,0.0024419092308016425,0.9852551293951727,0.9876970386259744,5.568627007062314e-07,5.637994171165811e-07,0.010576862805777404,0.05288431402888702,True,True,-6.000298238922874,9424, NO,0.9828916788101196,literal,107,"
",0.005844487808644772,control,,,False,False,False
140,1,NO,0.0011679162738044663,0.9976796836073611,0.9988475998811656,0.0011681170986559222,0.9976798249909371,0.998847942089593,3.422084273069948e-07,3.42603243325316e-07,0.0009885810296650168,0.004942905148325084,True,True,-6.750211067178769,9424, NO,0.9972677230834961,literal,108,"

",0.0008025342249311507,control,,,False,False,False
141,0,YES,0.9727436186844257,0.025920192648649698,0.9986638113330755,0.9727438381062802,0.025920193583135402,0.9986640316894155,2.203563401468056e-07,2.2065117174183063e-07,0.0010928434802673576,0.005464217401336788,True,True,3.625098247838976,51327, YES,0.9723829627037048,literal,107,"
",0.0006905614864081144,control,,,False,False,False
142,1,NO,0.5614094711612814,0.4371271459345962,0.9985366170958776,0.5614095366647696,0.4371271468704697,0.9985366835352393,6.643936175071064e-08,6.653673046456869e-08,0.0014118959370789759,0.007059479685394879,True,True,0.250226429823703,51327, YES,0.5611804127693176,literal,108,"

",0.000843700603581965,control,,,False,False,False
143,1,NO,3.999913130155194e-05,0.998547327318088,0.9985873264493896,4.0051925658669723e-05,0.9985473790324101,0.9985874309580688,1.0450867922967676e-07,1.0465652473406737e-07,0.0012947794076465058,0.006473897038232529,True,True,-10.125199067714,9424, NO,0.9981845021247864,literal,107,"
",0.0008032720652408898,control,,,False,False,False
144,1,NO,0.0019238771089311064,0.9969049454889487,0.9988288225978799,0.0019240033259355952,0.9969050538780532,0.9988290572039887,2.3460610900882585e-07,2.34881196558418e-07,0.0011254186035700182,0.005627093017850091,True,True,-6.250312946858574,9424, NO,0.9964641332626343,literal,108,"

",0.0007076633046381176,control,,,False,False,False
145,0,YES,0.9945959174342196,0.004065916855640322,0.9986618342898599,0.9945966184269542,0.004065918170490164,0.9986625365974444,7.023075845412443e-07,7.03248647767389e-07,0.0011126260233498937,0.005563130116749468,True,True,5.499697274985456,51327, YES,0.9939969778060913,literal,107,"
",0.0007999021909199655,control,,,False,False,False
146,0,YES,0.9227931863636352,0.06684409250819665,0.9896372788718318,0.9227947919512405,0.06684409494814167,0.9896388868993822,1.6080275504072387e-06,1.6248655792760356e-06,0.008727499107622085,0.04363749553811042,True,True,2.6250422123221275,51327, YES,0.9217581152915955,literal,107,"
",0.004836942534893751,control,,,False,False,False
147,0,YES,0.998656964506962,0.0008037527216143045,0.9994607172285762,0.9986572902876325,0.0008037528806910158,0.9994610431683235,3.2593974720587776e-07,3.2611561573893803e-07,0.0004646825034423605,0.0023234125172118024,True,True,7.124874956856173,51327, YES,0.9984453320503235,literal,107,"
",0.00037953798891976476,control, CORRECT,1.8525068412600376e-07,False,False,False
148,0,YES,0.9933925224576252,0.0035819885358132847,0.9969745109934385,0.9933933703976354,0.0035819888244760247,0.9969753592221114,8.482286731008959e-07,8.508027675207822e-07,0.002179313093797258,0.010896565468986291,True,True,5.625207772010118,51327, YES,0.9928891658782959,literal,107,"
",0.001317345886491239,control, CORRECT,6.040334596946195e-07,False,False,False
149,1,NO,0.0001793056634790777,0.9985947355793604,0.9987740412428395,0.00017934132627116258,0.9985947642745622,0.9987741056008334,6.435799388183323e-08,6.443699097520436e-08,0.0008755378269653944,0.004377689134826972,True,True,-8.625012332935812,9424, NO,0.9982680082321167,literal,107,"
",0.00048724986845627427,control,,,False,False,False
150,0,YES,0.9983944224361686,0.000803522175195449,0.999197944611364,0.9983945121522577,0.000803522217743199,0.9991980343700009,8.975863698479406e-08,8.983068617070214e-08,0.0007147054787242695,0.0035735273936213473,True,True,7.12489890578724,51327, YES,0.9981929659843445,literal,107,"
",0.0006255941698327661,control,,,False,False,False
151,0,YES,0.002798178019530919,0.9962545089433488,0.9990526869628797,0.0027983558419985106,0.9962545268156217,0.9990528826576202,1.9569474056701978e-07,1.9588030052942633e-07,0.0008669635471716118,0.004334817735858059,True,True,-5.875034257584459,9424, NO,0.9960494637489319,literal,108,"

",0.0005508993635885417,control,,,False,False,False
152,0,YES,0.022904199887281672,0.9741251619998204,0.997029361887102,0.022904357569422572,0.9741251658879148,0.9970295234573373,1.6157023520192973e-07,1.6205163195607577e-07,0.002285985252901613,0.011429926264508066,True,True,-3.750219503488395,9424, NO,0.9735091924667358,literal,107,"
",0.0016584895784035325,control,,,False,False,False
153,0,YES,0.9923315046641878,0.006686098799049696,0.9990176034632375,0.9923318514523694,0.0066860997373707496,0.9990179511897401,3.4772650251831806e-07,3.480684437520163e-07,0.0007513502851853596,0.003756751425926798,True,True,5.000026664507284,51327, YES,0.9918799996376038,literal,107,"
",0.00042724492959678173,control,,,False,False,False
154,0,YES,0.9984347893233727,0.0005523080021125476,0.9989870973254853,0.9984349309829297,0.0005523080141593418,0.9989872389970891,1.4167160386731175e-07,1.418152489122219e-07,0.0008800497343542152,0.004400248671771076,True,True,7.499838253747549,51327, YES,0.9983238577842712,literal,107,"
",0.0007089840364642441,control,,,False,False,False
155,1,NO,0.0021800413181458163,0.9968295548378382,0.9990095961559841,0.002180295729095199,0.9968295863156059,0.9990098820447011,2.8588871714002014e-07,2.86172143130627e-07,0.0009438849144705492,0.004719424572352746,True,True,-6.125235966953589,9424, NO,0.9963337182998657,literal,107,"
",0.0004863057693000883,control, Correct,1.9678128637679038e-07,False,False,False
156,0,YES,0.9930111015202634,0.0007995408492583347,0.9938106423695218,0.9930115407086533,0.0007995409613449832,0.9938110816699982,4.393004765292518e-07,4.420363978814283e-07,0.00566674815434088,0.028333740771704398,True,True,7.124459497018679,51327, YES,0.9926214218139648,literal,107,"
",0.004056617151945829,control,,,False,False,False
157,1,NO,0.14759466534130494,0.8494539111371004,0.9970485764784054,0.14759904193526072,0.8494541731975478,0.9970532151328085,4.63865440314417e-06,4.652385563327301e-06,0.0025512118651340393,0.012756059325670196,True,True,-1.7501239166896307,9424, NO,0.8487474322319031,literal,108,"

",0.001276040100492537,control, Correct,2.9713514777540695e-06,False,False,False
158,0,YES,0.9979392783518897,0.0015004464307370575,0.9994397247826268,0.9979397151351758,0.0015004465404100536,0.9994401616755858,4.368929592476165e-07,4.3713787676654394e-07,0.0005143665776632452,0.0025718328883162257,True,True,6.499929746140844,51327, YES,0.9977321624755859,literal,107,"
",0.0004297656996641308,control, CORRECT,2.693456337965472e-07,False,False,False
159,1,NO,0.9979087088490963,0.0005519512707916771,0.998460660119888,0.9979089120930469,0.0005519512981251265,0.998460863391172,2.032712840052443e-07,2.0358467000676515e-07,0.001477301437620839,0.007386507188104195,True,True,7.499957310370643,51327, YES,0.9976792931556702,literal,107,"
",0.001323701348155737,control, CORRECT,1.272231173743421e-07,False,False,False
160,1,NO,0.9933485752074991,0.005906819526478045,0.9992553947339772,0.9933494872043248,0.005906820356463383,0.9992563075607882,9.128268110592139e-07,9.135070131917852e-07,0.0006308761401734454,0.003154380700867227,True,True,5.1249740993394175,51327, YES,0.9931041598320007,literal,107,"
",0.0004277722036931664,control, CORRECT,5.008697598896106e-07,False,False,False
161,0,YES,0.99895966051995,0.0004877504276392325,0.9994474109475893,0.9989597498214369,0.0004877504886195301,0.9994475003100564,8.936246726364389e-08,8.941187528708305e-08,0.0004984825836059152,0.002492412918029576,True,True,7.624665818644366,51327, YES,0.9987756609916687,literal,107,"
",0.0004302151792217046,control, CORRECT,6.404210495247753e-08,False,False,False
162,0,YES,0.9993049618868313,0.0001794490771575127,0.9994844109639888,0.9993051648042383,0.00017944909034172613,0.99948461389458,2.029305913558915e-07,2.0303527411714985e-07,0.000446330574974524,0.00223165287487262,True,True,8.624923797664392,51327, YES,0.9991999268531799,literal,107,"
",0.0003798248362727463,control, CORRECT,1.2741703869778576e-07,False,False,False
163,1,NO,0.0009083109320609864,0.9967091357968165,0.9976174467288775,0.0009084105470213233,0.9967092162962263,0.9976176268432476,1.801143700888031e-07,1.8054452704229096e-07,0.0023443772531673533,0.011721886265836767,True,True,-7.000627509684446,9424, NO,0.9953369498252869,literal,107,"
",0.0014964285073801875,control,,,False,False,False
164,1,NO,0.09500418699603802,0.9016384682830079,0.9966426552790459,0.09500452832798291,0.9016385423326777,0.9966430706606606,4.153816146778435e-07,4.1678089180473864e-07,0.0030390879394533096,0.015195439697266548,True,True,-2.250292664218912,9424, NO,0.9011194109916687,literal,108,"

",0.002233651699498296,control,,,False,False,False
165,1,NO,0.9975538449250037,0.001699581074834246,0.9992534259998379,0.9975541877586676,0.00169958126219547,0.999253769020863,3.43021025144072e-07,3.43277307056366e-07,0.0006595929595661718,0.003297964797830859,True,True,6.374924332468406,51327, YES,0.9972735047340393,literal,107,"
",0.0005515763768926263,control, CORRECT,2.231927140883272e-07,False,False,False
166,0,YES,0.9978612098384207,0.0010312432643630545,0.9988924531027839,0.997861686508361,0.0010312434285493955,0.9988929299369105,4.76834126691616e-07,4.77362828411069e-07,0.0010258430467941005,0.005129215233970502,True,True,6.8748490702550065,51327, YES,0.9976328611373901,literal,107,"
",0.0009097234578803182,control, CORRECT,3.2486053669344983e-07,False,False,False
167,0,YES,0.9982449783003211,0.0006257042687213702,0.9988706825690424,0.9982451848699565,0.0006257043248043425,0.9988708891947609,2.066257184991418e-07,2.068593283443973e-07,0.0010220166639959489,0.005110083319979745,True,True,7.374876147518311,51327, YES,0.9980770349502563,literal,107,"
",0.000625521526671946,control,,,False,False,False
168,0,YES,0.9984209590138005,0.0011690962063298992,0.9995900552201303,0.9984210010828056,0.0011690963569131604,0.9995900974397188,4.221958869329896e-08,4.223690349140312e-08,0.0003853632622278339,0.0019268163111391696,True,True,6.749944012066246,51327, YES,0.9982942938804626,literal,107,"
",0.0003348904137965292,control, CORRECT,2.840481450050447e-08,False,False,False
169,1,NO,0.9825568634837654,0.015875657167268485,0.9984325206510338,0.9825570924935183,0.015875657578030486,0.9984327500715487,2.2942051504003524e-07,2.297806915287978e-07,0.0014847193177160677,0.007423596588580338,True,True,4.125371278040711,51327, YES,0.9819838404655457,literal,107,"
",0.0010146816493943334,control,,,False,False,False
170,0,YES,0.9985324898984036,0.0006259509267145188,0.9991584408251181,0.9985328279773326,0.0006259510176143619,0.9991587789949469,3.381698289411014e-07,3.384546585642977e-07,0.0007455846813059809,0.0037279234065299045,True,True,7.374769992221074,51327, YES,0.9982385635375977,literal,107,"
",0.0005521101411432028,control, CORRECT,2.3781733204941702e-07,False,False,False
171,0,YES,0.9945229597792946,0.004606062652721473,0.9991290224320161,0.9945231885421891,0.0046060633730335004,0.9991292519152226,2.2948320651698994e-07,2.2968325548025477e-07,0.0007448491942721759,0.00372424597136088,True,True,5.374889780847344,51327, YES,0.9942507743835449,literal,107,"
",0.000623123487457633,control,,,False,False,False
172,1,NO,0.9959201049831696,0.0011665194171814647,0.9970866244003511,0.9959205433330741,0.0011665196128216118,0.9970870629458958,4.385455445376809e-07,4.398269255707072e-07,0.0027425007272826553,0.013712503636413277,True,True,6.749642579613372,51327, YES,0.9955241680145264,literal,107,"
",0.0021777001675218344,control,,,False,False,False
173,0,YES,0.9994667896751532,0.0003353041049422463,0.9998020937800954,0.9994668582556302,0.0003353041099545148,0.9998021623655847,6.858548923097772e-08,6.859906541270254e-08,0.00016219616761928366,0.0008109808380964183,True,True,7.999939306458213,51327, YES,0.9994006156921387,literal,107,"
",0.00010884348739637062,control, CORRECT,4.6883521065410605e-08,False,False,False
174,1,NO,0.00080244572693507,0.9974347682354701,0.9982372139624052,0.0008027053943654636,0.9974348493971792,0.9982375547915446,3.408291395393838e-07,3.4143100935547756e-07,0.001563413291710696,0.007817066458553481,True,True,-7.125277806380235,9424, NO,0.9965384006500244,literal,107,"
",0.0009087253711186349,control,,,False,False,False
175,1,NO,0.9943842602932553,0.004604854073614549,0.9989891143668699,0.9943848682655408,0.004604854856173855,0.9989897231217147,6.08754844698038e-07,6.093708489344742e-07,0.0008978942889012774,0.004489471444506387,True,True,5.375012730987474,51327, YES,0.9941924214363098,literal,107,"
",0.0007060500211082399,control, CORRECT,4.1569063569113496e-07,False,False,False
176,1,NO,0.9922512405247268,0.0035789697113494823,0.9958302102360763,0.992252686717664,0.0035789708734698636,0.9958316575911338,1.4473550576899264e-06,1.4534154947426323e-06,0.002803564312776273,0.014017821563881365,True,True,5.624901372730634,51327, YES,0.9915496110916138,literal,107,"
",0.0019141411175951362,control,,,False,False,False
177,1,NO,0.003588387338249137,0.9951524772378519,0.9987408645761011,0.003588475636681373,0.9951525256355798,0.9987410012722612,1.3669616003996168e-07,1.368684960117058e-07,0.001110795956428799,0.005553979782143994,True,True,-5.6251930764214055,9424, NO,0.9947110414505005,literal,108,"

",0.0006234119646251202,control,,,False,False,False
178,1,NO,0.9991129911380333,0.0005526508365048981,0.9996656419745382,0.9991131307387202,0.0005526508743391712,0.9996657816130594,1.3963852120517346e-07,1.3968522608155227e-07,0.0002869679516111207,0.0014348397580556034,True,True,7.499896750287809,51327, YES,0.9989803433418274,literal,107,"
",0.0002303247747477144,control, CORRECT,8.755311853292369e-08,False,False,False
179,1,NO,0.0035822440985933957,0.9937648342297232,0.9973470783283166,0.0035823616566891757,0.993764891508364,0.9973472531650531,1.7483673667983297e-07,1.7530179862047831e-07,0.0025059082905547455,0.012529541452773726,True,True,-5.625511145894746,9424, NO,0.9928304553031921,literal,107,"
",0.0016914056614041328,control,,,False,False,False
180,1,NO,0.0021817236711381693,0.9974184307044449,0.999600154375583,0.0021817531930343357,0.9974184337010713,0.9996001868941057,3.251852253641387e-08,3.2531530126390496e-08,0.00036643988257889184,0.0018321994128944591,True,True,-6.125055132016791,9424, NO,0.9972917437553406,literal,107,"
",0.0002605510235298425,control,,,False,False,False
181,1,NO,0.0002296761707132716,0.9964427369861297,0.996672413156843,0.00022974758406085034,0.9964427650494835,0.9966725126335443,9.947670134165616e-08,9.980882387079962e-08,0.003161414503501455,0.015807072517507275,True,True,-8.37527658508766,9424, NO,0.9959049820899963,literal,107,"
",0.0016966434195637703,control,,,False,False,False
182,0,YES,0.9992877505491494,0.00037985813990788726,0.9996676086890574,0.999287859404511,0.000379858154608809,0.9996677175591199,1.0887006249848095e-07,1.089062619936749e-07,0.00029485666234301363,0.001474283311715068,True,True,7.875000185122938,51327, YES,0.999180018901825,literal,107,"
",0.00026104433345608413,control, CORRECT,6.820006603902584e-08,False,False,False
183,1,NO,0.015871754547907832,0.9826194786376847,0.9984912331855925,0.015871815243193244,0.9826195064332703,0.9984913216764636,8.849087107307037e-08,8.862458490571675e-08,0.001317583479755965,0.006587917398779825,True,True,-4.125680857092432,9424, NO,0.980882465839386,literal,107,"
",0.0008944490691646934,control,,,False,False,False
184,0,YES,0.9973549529022461,0.0014994269533889334,0.998854379855635,0.9973550977557905,0.0014994270160025422,0.998854524771793,1.4491615797633865e-07,1.4508236725886257e-07,0.0010446182250359892,0.005223091125179945,True,True,6.500023722858977,51327, YES,0.9972158670425415,literal,107,"
",0.0008024925482459366,control,,,False,False,False
185,1,NO,0.053216197994576206,0.9439662137966238,0.9971824117912,0.05321628133538279,0.943966219474846,0.9971825008102289,8.901902877336282e-08,8.927055644058282e-08,0.00236491844286983,0.01182459221434915,True,True,-2.875727551430413,9424, NO,0.9431005716323853,literal,108,"

",0.0012512874091044068,control,,,False,False,False
186,0,YES,0.9992275761995018,0.00017943460762520212,0.9994070108071269,0.999227640401729,0.0001794346117219528,0.9994070750134509,6.420632396294838e-08,6.424442020983521e-08,0.0005376468747024441,0.0026882343735122206,True,True,8.624926991488506,51327, YES,0.9991251826286316,literal,107,"
",0.0004876682360190898,control,,,False,False,False
187,1,NO,0.9947189207689207,0.004065362559083159,0.9987842833280038,0.9947194718147694,0.0040653630544614265,0.9987848348692309,5.515412270507827e-07,5.522125610677584e-07,0.001003557153546667,0.0050177857677333355,True,True,5.499957275866891,51327, YES,0.9944360256195068,literal,107,"
",0.0008002555114217103,control, CORRECT,3.6693558058686904e-07,False,False,False
188,1,NO,0.005188598222807815,0.9886360752880783,0.9938246735108861,0.005189046530259943,0.9886361590720948,0.9938252056023548,5.320914686568487e-07,5.35397724406588e-07,0.0059596103569078025,0.029798051784539013,True,True,-5.2498627225522645,9424, NO,0.9878237247467041,literal,108,"

",0.005183623172342777,control,,,False,False,False
189,1,NO,0.9616008359977377,0.037283943548771944,0.9988847795465097,0.9616009087189414,0.037283944291041746,0.9988848530099832,7.346347364184781e-08,7.354549307999266e-08,0.0010047411291108132,0.005023705645554066,True,True,3.2500366670262504,51327, YES,0.9613098502159119,literal,107,"
",0.0005316854221746325,control,,,False,False,False
190,0,YES,0.8462120703153262,0.1469861550052864,0.9931982253206126,0.8462134181709358,0.14698616268787443,0.9931995808588102,1.3555381976287324e-06,1.3648214053052233e-06,0.005877274885750025,0.029386374428750122,True,True,1.7504316036130108,51327, YES,0.8455312848091125,literal,107,"
",0.004436940886080265,control,,,False,False,False
191,1,NO,0.9859819304258466,0.010954122912319047,0.9969360533381656,0.9859827803588723,0.010954124058979373,0.9969369044178517,8.510796860183209e-07,8.536953630762418e-07,0.0024782888345969254,0.012391444172984626,True,True,4.499922121135334,51327, YES,0.9856406450271606,literal,107,"
",0.0019027340458706021,control,,,False,False,False
192,1,NO,0.9977097226131322,0.0014998921221120488,0.9992096147352443,0.9977097789808639,0.0014998921490970234,0.999209671129961,5.6394716556777995e-08,5.6439325367901535e-08,0.0007195528123564302,0.0035977640617821513,True,True,6.500069187303029,51327, YES,0.9974162578582764,literal,107,"
",0.0006251074373722076,control,,,False,False,False
193,0,YES,0.9461807586678284,0.05338136473725008,0.9995621234050784,0.9461807903749689,0.053381364791412526,0.9995621551663815,3.176130307382189e-08,3.177521669751229e-08,0.0003760580009744833,0.0018802900048724167,True,True,2.874971917494884,51327, YES,0.9459545016288757,literal,107,"
",0.0003595846937969327,control,,,False,False,False
194,1,NO,0.01795178123731883,0.9806319397180925,0.9985837209554114,0.017952264084738222,0.9806321287397837,0.9985843928245219,6.718691105932765e-07,6.728220143128858e-07,0.001193304356244103,0.005966521781220515,True,True,-4.000507856951471,9424, NO,0.9796384572982788,literal,107,"
",0.0008933146600611508,control,,,False,False,False
195,1,NO,0.0010312490822465676,0.9981071624264144,0.999138411508661,0.0010313033031583397,0.9981071792629147,0.9991384825660731,7.105741194091326e-08,7.111868698313706e-08,0.0008005460177487784,0.004002730088743892,True,True,-6.875089878035392,9424, NO,0.9977855682373047,literal,107,"
",0.0006253388710319996,control,,,False,False,False
196,0,YES,0.9987022485008803,0.0007093232258188187,0.9994115717266991,0.9987026216497871,0.0007093233182902605,0.9994119449680773,3.7324137834559425e-07,3.734611334354867e-07,0.0005384702162068947,0.0026923510810344733,True,True,7.249900649871307,51327, YES,0.9984933137893677,literal,107,"
",0.0004300935543142259,control, CORRECT,2.2346571881826094e-07,False,False,False
197,1,NO,0.8908951198745855,0.10637191894197623,0.9972670388165616,0.8908955298397814,0.10637191918839822,0.9972674490281797,4.102116180488042e-07,4.113357827764916e-07,0.0018541162841856649,0.009270581420928323,True,True,2.1252850875992917,51327, YES,0.890580952167511,literal,107,"
",0.0015172113198786974,control,,,False,False,False
198,1,NO,0.2443515863802943,0.7527672282358053,0.9971188146160996,0.24435176228819877,0.7527672354097611,0.9971189976979599,1.8308186035294626e-07,1.836108773290318e-07,0.0026218888478105828,0.013109444239052914,True,True,-1.1251479382179967,9424, NO,0.7524108290672302,literal,107,"
",0.0018650400452315807,control,,,False,False,False
199,0,YES,0.9954588197794685,0.0005507986475876163,0.9960096184270562,0.9954592431209306,0.0005507989078678659,0.9960100420287985,4.2360174238680006e-07,4.25298847069139e-07,0.0035548149881016278,0.017774074940508137,True,True,7.499589721955731,51327, YES,0.9951170682907104,literal,107,"
",0.003167239483445883,control,,,False,False,False
