sample_idx,label_B,gold_yes_no,p_yes,p_no,decidedness,semantic_yes_mass,semantic_no_mass,semantic_decidedness,semantic_offliteral_mass,control_mass,decidedness_floor,above_floor,lean,c_pred_yes_no,top1_token_id,top1_decoded,top1_normalized,top1_prob,prompt_strategy_name,anchor_freegen_pred,anchor_match
0,1,NO,0.0363845828715057,0.9566451202629837,0.9930297031344893,0.03641483954772861,0.9569028235843028,0.9933176631320314,0.00028795999754205326,0.003733828321368902,0.018669141606844512,True,-3.269287359997282,NO,9319, NO,no,0.9500142931938171,raw_passthrough,,
1,0,YES,0.18863312186294934,0.7642179878526324,0.9528511097155817,0.18873207394882385,0.7643741595552234,0.9531062335040472,0.00025512378846548334,0.03432685014457111,0.17163425072285554,True,-1.3990490984657862,NO,9319, NO,no,0.7569462060928345,raw_passthrough,,
2,0,YES,0.5915509029946406,0.3291728010670716,0.9207237040617122,0.5917037855002594,0.32921976141765424,0.9209235469179136,0.00019984285620133768,0.05996654681375878,0.2998327340687939,True,0.586164893099637,YES,32968, YES,yes,0.5380978584289551,raw_passthrough,,
3,0,YES,0.3488912551001704,0.6358349189647737,0.9847261740649441,0.34909201354956115,0.6359178659676248,0.985009879517186,0.00028370545224187804,0.009921755233276566,0.04960877616638283,True,-0.6001786845934751,NO,9319, NO,no,0.6336768269538879,raw_passthrough,,
4,0,YES,0.921858049419825,0.05567025898625217,0.9775283084060772,0.921901799904465,0.055673081726194146,0.9775748816306591,4.657322458190283e-05,0.012224689268037176,0.06112344634018588,True,2.806945197918576,YES,32968, YES,yes,0.8929131031036377,raw_passthrough,,
5,0,YES,0.3280720610637218,0.6117727340035479,0.9398447950672697,0.32813057006837354,0.611788790811197,0.9399193608795705,7.456581230080861e-05,0.041529044655766394,0.20764522327883198,True,-0.6231275812571475,NO,9319, NO,no,0.6076664924621582,raw_passthrough,,
6,0,YES,0.9725375555281062,0.009034330829547374,0.9815718863576536,0.9725652881205235,0.009034934092713526,0.981600222213237,2.833585558337237e-05,0.013105299266403843,0.06552649633201921,True,4.678876835090519,YES,32968, YES,yes,0.9405052661895752,raw_passthrough,,
7,0,YES,0.8647859384946059,0.10296508705579487,0.9677510255504008,0.8648715415842232,0.10297162391430145,0.9678431654985247,9.213994812384829e-05,0.024266342238632214,0.12133171119316108,True,2.1280920362030025,YES,32968, YES,yes,0.8312075138092041,raw_passthrough,,
8,0,YES,0.7350278705380333,0.21487644642608034,0.9499043169641137,0.7352147078302163,0.21490284882612934,0.9501175566563456,0.00021323969223185912,0.03506046981532706,0.1753023490766353,True,1.2298452224328267,YES,32968, YES,yes,0.678117573261261,raw_passthrough,,
9,0,YES,0.9524208895891206,0.030840619214067288,0.983261508803188,0.9524820277550776,0.030842516909069438,0.9833245446641471,6.303586095912639e-05,0.012748588823694382,0.06374294411847191,True,3.430174421199986,YES,32968, YES,yes,0.9195095896720886,raw_passthrough,,
10,0,YES,0.6576446754770586,0.3197671876798511,0.9774118631569098,0.657709685458536,0.31978332531984766,0.9774930107783837,8.114762147393151e-05,0.018104402844750893,0.09052201422375447,True,0.7210715860849793,YES,32968, YES,yes,0.6118955612182617,raw_passthrough,,
11,0,YES,0.0701744287589463,0.6714940791347932,0.7416685078937395,0.07026784760657577,0.6715376206701001,0.7418054682766759,0.0001369603829364241,0.06767834350474458,0.3383917175237229,True,-2.258521216560871,NO,9319, NO,no,0.6629306077957153,raw_passthrough,,
12,0,YES,0.9851237504044548,0.008178606774890445,0.9933023571793452,0.9851450213618804,0.00817890649137932,0.9933239278532597,2.1570673914506067e-05,0.004723950510997587,0.02361975255498794,True,4.791245452897445,YES,32968, YES,yes,0.9658902287483215,raw_passthrough,,
13,1,NO,0.00030629842500573545,0.9927090768493556,0.9930153752743613,0.0003069316430430943,0.9927416980159275,0.9930486296589706,3.3254384609215926e-05,0.005464025282786638,0.02732012641393319,True,-8.083633051043241,NO,9319, NO,no,0.9864870309829712,raw_passthrough,,
14,0,YES,0.47210758268556674,0.36772485433881097,0.8398324370243777,0.4722005253691247,0.3677588277628984,0.8399593531320231,0.00012691610764536954,0.10849595118436506,0.5424797559218253,True,0.24987190894069403,YES,32968, YES,yes,0.42510610818862915,raw_passthrough,,
15,1,NO,0.24898432488771505,0.7021314922933372,0.9511158171810522,0.24902621710288983,0.7021617851863842,0.951188002289274,7.218510822182278e-05,0.028854719586218176,0.14427359793109087,True,-1.0367307552169227,NO,9319, NO,no,0.6979055404663086,raw_passthrough,,
16,1,NO,0.5108204057978583,0.38911348417970587,0.8999338899775642,0.5109756329161649,0.3891923078938686,0.9001679408100335,0.00023405083246930136,0.07982271814388062,0.3991135907194031,True,0.27214703788115907,YES,32968, YES,yes,0.44894325733184814,raw_passthrough,,
17,0,YES,0.9714920797887316,0.012264319058739134,0.9837563988474708,0.9715118494736747,0.012264624827011244,0.983776474300686,2.0075453215251393e-05,0.0128840342005509,0.0644201710027545,True,4.372138959034518,YES,32968, YES,yes,0.9369269013404846,raw_passthrough,,
18,1,NO,0.15658474197744,0.8022786897829854,0.9588634317604254,0.15670866709825276,0.8024260563760647,0.9591347234743175,0.0002712917138920634,0.031888569548721525,0.15944284774360762,True,-1.63385869527895,NO,9319, NO,no,0.7956902384757996,raw_passthrough,,
19,1,NO,0.007229518283679681,0.9859383294481913,0.993167847731871,0.007234118277203191,0.9859741210609424,0.9932082393381456,4.039160627467009e-05,0.004381433547340333,0.021907167736701667,True,-4.915421399789873,NO,9319, NO,no,0.9810919761657715,raw_passthrough,,
20,1,NO,0.6250262856265181,0.3198051753694416,0.9448314609959596,0.6251393149956593,0.3198270244717576,0.9449663394674169,0.00013487847145732257,0.04252937433211912,0.2126468716605956,True,0.6700817224400545,YES,32968, YES,yes,0.5739514827728271,raw_passthrough,,
21,0,YES,0.7930915758843184,0.18269155434909704,0.9757831302334155,0.793239232053246,0.18270542168914286,0.9759446537423888,0.0001615235089733602,0.017550276712439857,0.08775138356219929,True,1.468139459835526,YES,32968, YES,yes,0.7648259997367859,raw_passthrough,,
22,1,NO,0.746515522707341,0.20972935942009596,0.956244882127437,0.7465868583197786,0.20974492762571464,0.9563317859454932,8.69038180562054e-05,0.03666526817005018,0.1833263408502509,True,1.2695984758614505,YES,32968, YES,yes,0.7055774927139282,raw_passthrough,,
23,0,YES,0.8149421566195088,0.12467126526676983,0.9396134218862786,0.814986385406757,0.12467530325557774,0.9396616886623348,4.826677605618279e-05,0.054029565211724154,0.27014782605862075,True,1.8774367420096267,YES,32968, YES,yes,0.7792920470237732,raw_passthrough,,
24,1,NO,0.00013210646786321334,0.9937309346074197,0.9938630410752829,0.00013235775279502108,0.9937581968613678,0.9938905546141629,2.7513538879975208e-05,0.004467340819702114,0.022336704098510567,True,-8.925613579696186,NO,9319, NO,no,0.9882651567459106,raw_passthrough,,
25,0,YES,0.9614988862012979,0.021323348929775093,0.9828222351310729,0.9615281565243546,0.02132422051112647,0.9828523770354811,3.0141904408198528e-05,0.01220657441738031,0.06103287208690155,True,3.808690740365588,YES,32968, YES,yes,0.928726315498352,raw_passthrough,,
26,0,YES,0.7817374944570474,0.17468112093495827,0.9564186153920057,0.7818036017528565,0.17468904121230397,0.9564926429651605,7.402757315477793e-05,0.034601140251912625,0.17300570125956313,True,1.4985568536750904,YES,32968, YES,yes,0.7548985481262207,raw_passthrough,,
27,0,YES,0.74161050596922,0.22242516950132846,0.9640356754705484,0.7416811409813716,0.22243305279135184,0.9641141937727234,7.851830217509015e-05,0.020480059809061694,0.10240029904530848,True,1.2042334525821754,YES,32968, YES,yes,0.7032774686813354,raw_passthrough,,
28,0,YES,0.9321069860452553,0.03557839825154578,0.9676853842968011,0.9321368960194538,0.035579729194697006,0.9677166252141508,3.124091734973966e-05,0.026804372092437172,0.13402186046218587,True,3.2657089369654293,YES,32968, YES,yes,0.8800749778747559,raw_passthrough,,
29,0,YES,0.3862200394105457,0.5623550675148283,0.9485751069253741,0.386515878172271,0.56244192653369,0.948957804705961,0.00038269778058697135,0.03634041108165909,0.18170205540829545,True,-0.3757261857926114,NO,9319, NO,no,0.5590888261795044,raw_passthrough,,
30,1,NO,0.4096910837924952,0.5570451358928818,0.966736219685377,0.4097360246299148,0.5571005937722443,0.9668366184021591,0.00010039871678202417,0.022425729341413337,0.11212864670706668,True,-0.30724284901810467,NO,9319, NO,no,0.553466796875,raw_passthrough,,
31,0,YES,0.815995735548313,0.16414599478909905,0.980141730337412,0.816100254412222,0.1641562870096637,0.9802565414218857,0.00011481108447364274,0.011436272141166963,0.057181360705834815,True,1.6036528849528153,YES,32968, YES,yes,0.7767415046691895,raw_passthrough,,
32,1,NO,0.0004274122582970108,0.9631428274830052,0.9635702397413022,0.00042931566071180573,0.9632342579623834,0.9636635736230952,9.333388179300073e-05,0.030225626197693322,0.1511281309884666,True,-7.720207969025592,NO,9319, NO,no,0.951892614364624,raw_passthrough,,
33,0,YES,0.9090481742750853,0.06203114610728318,0.9710793203823685,0.9091344029038597,0.06203472633758554,0.9711691292414453,8.98088590767232e-05,0.020145017493022277,0.10072508746511138,True,2.684761474285104,YES,32968, YES,yes,0.8773661851882935,raw_passthrough,,
34,1,NO,0.8987170351465466,0.05806997478995488,0.9567870099365015,0.898798401284855,0.058073724182423854,0.9568721254672788,8.511553077739098e-05,0.03499433604422766,0.1749716802211383,True,2.7393194845372184,YES,32968, YES,yes,0.8473924994468689,raw_passthrough,,
35,0,YES,0.9081078271774459,0.06840393591013519,0.976511763087581,0.9081555929852088,0.06840624699149253,0.9765618399767013,5.0076889120287404e-05,0.019465229956219316,0.09732614978109658,True,2.5859327584165035,YES,32968, YES,yes,0.8829705715179443,raw_passthrough,,
36,0,YES,0.861202766362112,0.12633250898781326,0.9875352753499252,0.8612302071197014,0.1263353779387543,0.9875655850584557,3.0309708530462665e-05,0.007811063815449541,0.039055319077247706,True,1.9194125864656604,YES,32968, YES,yes,0.8473591208457947,raw_passthrough,,
37,1,NO,0.8718137001051218,0.09683963919505593,0.9686533393001777,0.8718859877342183,0.09684609502388296,0.9687320827581013,7.874345792358017e-05,0.02447107641878701,0.12235538209393505,True,2.1975193481269666,YES,32968, YES,yes,0.8275371789932251,raw_passthrough,,
38,0,YES,0.9391483364306623,0.0326053130103017,0.971753649440964,0.9391679153649106,0.03260589988121466,0.9717738152461253,2.016580516128741e-05,0.022952533234196177,0.11476266617098088,True,3.3604981886022034,YES,32968, YES,yes,0.9181265234947205,raw_passthrough,,
39,1,NO,0.0001668635234697291,0.9920846192604299,0.9922514827838996,0.00016746866093289613,0.9921851615153316,0.9923526301762645,0.00010114739236488646,0.0059065866730381115,0.029532933365190556,True,-8.690387424736514,NO,9319, NO,no,0.9863229990005493,raw_passthrough,,
40,0,YES,0.9644872369535733,0.021609474833775556,0.9860967117873488,0.9645196852322776,0.021610010619810282,0.9861296958520879,3.2984064739061125e-05,0.010983876740611444,0.05491938370305722,True,3.7984647311784743,YES,32968, YES,yes,0.9432781934738159,raw_passthrough,,
41,1,NO,0.017870446272013396,0.9778795520489199,0.9957499983209332,0.017876345563682266,0.9779240416944888,0.995800387258171,5.038893723774418e-05,0.002643391533440175,0.013216957667200876,True,-4.002238202869673,NO,9319, NO,no,0.9754326939582825,raw_passthrough,,
42,1,NO,0.7571090326528065,0.17209984009326043,0.9292088727460669,0.7571872238644226,0.17210873978102104,0.9292959636454436,8.709089937675163e-05,0.05567090911155981,0.27835454555779904,True,1.4814325015608005,YES,32968, YES,yes,0.7183272838592529,raw_passthrough,,
43,1,NO,3.7730016746895245e-05,0.9910259599634924,0.9910636899802393,3.787625344346575e-05,0.9910468282697021,0.9910847045231456,2.101454290626137e-05,0.007253550083818254,0.03626775041909127,True,-10.176040004353311,NO,9319, NO,no,0.9836364388465881,raw_passthrough,,
44,0,YES,0.8595354016069905,0.09884226244583459,0.9583776640528251,0.8596372109674613,0.09884753321047106,0.9584847441779323,0.00010708012510718401,0.025262881830055563,0.1263144091502778,True,2.162866741731302,YES,32968, YES,yes,0.8247084021568298,raw_passthrough,,
45,0,YES,0.6037501125683775,0.3306554900496663,0.9344056026180438,0.6038240933614187,0.3306803786614933,0.9345044720229121,9.886940486825146e-05,0.03762228696411058,0.1881114348205529,True,0.6020833736215591,YES,32968, YES,yes,0.5571927428245544,raw_passthrough,,
46,1,NO,0.5808451428856642,0.3950421592021914,0.9758873020878556,0.5809821398598425,0.39510358843197396,0.9760857282918165,0.00019842620396093302,0.015726773937864043,0.07863386968932021,True,0.385491694480326,YES,32968, YES,yes,0.5533004999160767,raw_passthrough,,
47,0,YES,0.9541839454468573,0.029165421862937226,0.9833493673097945,0.9542252942037994,0.029166906250217936,0.9833922004540173,4.283314422282025e-05,0.01079657685981775,0.05398288429908875,True,3.487872642962774,YES,32968, YES,yes,0.9234257340431213,raw_passthrough,,
48,1,NO,0.20070760189446446,0.7909905446659505,0.991698146560415,0.20077408852888365,0.7910654195779779,0.9918395081068616,0.0001413615464466167,0.0023464897092039883,0.01173244854601994,True,-1.3714368820582683,NO,9319, NO,no,0.7862705588340759,raw_passthrough,,
49,1,NO,0.012730670733503757,0.9854325810612766,0.9981632517947804,0.01273361367405975,0.9854592618776238,0.9981928755516836,2.9623756903185416e-05,0.0009331678667389209,0.004665839333694605,True,-4.349066612898055,NO,9319, NO,no,0.9832175970077515,raw_passthrough,,
50,1,NO,0.0008865557430937088,0.8505602244386329,0.8514467801817266,0.0008909068561186071,0.8507045710979684,0.851595477954087,0.0001486977723603733,0.10385824272832672,0.5192912136416337,True,-6.866306494304006,NO,9319, NO,no,0.8321340084075928,raw_passthrough,,
51,1,NO,0.02904544765880246,0.9680722536705902,0.9971177013293927,0.029063051161451515,0.9681776078000878,0.9972406589615392,0.00012295763214653643,0.0006303343687658824,0.0031516718438294117,True,-3.5064449627592156,NO,9319, NO,no,0.9642703533172607,raw_passthrough,,
52,1,NO,0.5853095643396955,0.38305411263430045,0.968363676973996,0.5853740245739198,0.38307481947597505,0.9684488440498948,8.516707589889538e-05,0.01957377041882884,0.0978688520941442,True,0.42396461162930743,YES,32968, YES,yes,0.5534020066261292,raw_passthrough,,
53,1,NO,0.003963017288214132,0.9883800336983868,0.9923430509866009,0.003971521731750271,0.9889920351766166,0.9929635569083669,0.0006205059217659903,0.00472318615370305,0.02361593076851525,True,-5.519061596425621,NO,9319, NO,no,0.9791635870933533,raw_passthrough,,
54,1,NO,5.5795374205303006e-05,0.9930592499220631,0.9931150452962684,5.596219354563554e-05,0.9930774283430512,0.9931333905365969,1.8345240328510037e-05,0.005430632980370624,0.02715316490185312,True,-9.786854624516506,NO,9319, NO,no,0.9834446907043457,raw_passthrough,,
55,1,NO,0.039541456389770246,0.9390169282846932,0.9785583846744634,0.03954766496401071,0.9390707135004971,0.9786183784645078,5.99937900443992e-05,0.009373228236391053,0.04686614118195527,True,-3.167483856622091,NO,9319, NO,no,0.9329757690429688,raw_passthrough,,
56,0,YES,0.8717435068756458,0.08901447095871295,0.9607579778343588,0.8717848515779625,0.08901697526910354,0.960801826847066,4.384901270726438e-05,0.03322859882613373,0.16614299413066863,True,2.2816962855822616,YES,32968, YES,yes,0.8402198553085327,raw_passthrough,,
57,1,NO,0.008873078110354982,0.9625931590528858,0.9714662371632408,0.008880502155363066,0.9626694397241812,0.9715499418795442,8.370471630347875e-05,0.02068927313590818,0.10344636567954091,True,-4.6866090890279155,NO,9319, NO,no,0.9569187164306641,raw_passthrough,,
58,0,YES,0.7711979833693476,0.18416584666813715,0.9553638300374848,0.7712427073402827,0.18417120288766575,0.9554139102279484,5.008019046359724e-05,0.034714911187537,0.173574555937685,True,1.4321084361299627,YES,32968, YES,yes,0.7412824630737305,raw_passthrough,,
59,1,NO,0.2994174942432437,0.6673276085016989,0.9667451027449426,0.2996615582104435,0.6674229147057532,0.9670844729161967,0.000339370171254072,0.020032291764621294,0.10016145882310647,True,-0.8014421912149738,NO,9319, NO,no,0.6635370850563049,raw_passthrough,,
60,1,NO,0.00046687567296288535,0.9765436793320501,0.977010555005013,0.00046840743189727457,0.9766250649251385,0.9770934723570357,8.291735202270445e-05,0.018749624192243897,0.09374812096121948,True,-7.645711759350512,NO,9319, NO,no,0.9667638540267944,raw_passthrough,,
61,1,NO,0.003894802088098004,0.9898216868542489,0.9937164889423469,0.0038990947465780217,0.9899009626839806,0.9938000574305587,8.356848821178264e-05,0.0038456837002165765,0.01922841850108288,True,-5.537881946114831,NO,9319, NO,no,0.9852712154388428,raw_passthrough,,
62,1,NO,0.00022083257077554208,0.9948874279222835,0.995108260493059,0.00022125744549887402,0.9949134838542154,0.9951347412997142,2.6480806655238e-05,0.0036823153145683235,0.018411576572841617,True,-8.412980051351887,NO,9319, NO,no,0.9910877346992493,raw_passthrough,,
63,0,YES,0.07643484090658603,0.9074820582120351,0.9839168991186211,0.0764589492499345,0.907526768301503,0.9839857175514375,6.881843281636435e-05,0.009606961891885759,0.04803480945942879,True,-2.4742351703365,NO,9319, NO,no,0.9012842774391174,raw_passthrough,,
64,0,YES,0.8794615192491619,0.10653263368461692,0.9859941529337789,0.8795499892145311,0.10653990476621263,0.9860898939807438,9.574104696485897e-05,0.00831741171185501,0.041587058559275046,True,2.110858452440112,YES,32968, YES,yes,0.8607866764068604,raw_passthrough,,
65,0,YES,0.1730283705437614,0.8027845421108855,0.9758129126546469,0.17306801723709225,0.8028337788487535,0.9759017960858458,8.888343119894948e-05,0.016440066011318703,0.08220033005659351,True,-1.5346307891282032,NO,9319, NO,no,0.796654462814331,raw_passthrough,,
66,0,YES,0.008934526526218178,0.9868889995246262,0.9958235260508443,0.008939761348266522,0.9869251828856602,0.9958649442339268,4.1418183082453375e-05,0.00307795722526182,0.015389786126309101,True,-4.704634414213261,NO,9319, NO,no,0.9835703372955322,raw_passthrough,,
67,1,NO,0.021732639384197228,0.9760547701114122,0.9977874094956094,0.021747519362448477,0.9762078869431089,0.9979554063055573,0.00016799680994794564,0.0006348245937514165,0.0031741229687570825,True,-3.804703452131294,NO,9319, NO,no,0.969795823097229,raw_passthrough,,
68,0,YES,0.9639865855060634,0.028750734738936367,0.9927373202449998,0.964009168739919,0.028751356158244694,0.9927605248981637,2.3204653163855227e-05,0.004656751287971505,0.023283756439857525,True,3.512414055976115,YES,32968, YES,yes,0.9478592872619629,raw_passthrough,,
69,0,YES,0.7063211716376827,0.24895169493547864,0.9552728665731613,0.7064714096562418,0.24898119682472636,0.9554526064809681,0.00017973990780673077,0.031045603221714207,0.15522801610857104,True,1.042811169979005,YES,32968, YES,yes,0.67264324426651,raw_passthrough,,
70,0,YES,0.0006276087195864477,0.9920655960130573,0.9926932047326438,0.0006279508334340587,0.9921095815237305,0.9927375323571646,4.4327624520779096e-05,0.006159257121982785,0.030796285609913928,True,-7.365627593198121,NO,9319, NO,no,0.9870527386665344,raw_passthrough,,
71,0,YES,0.5020241676611477,0.46713449091969333,0.9691586585808409,0.5021499289611826,0.46715681233241046,0.9693067412935931,0.00014808271275212892,0.02317096794796029,0.11585483973980146,True,0.07203105595465624,YES,32968, YES,yes,0.4800753891468048,raw_passthrough,,
72,0,YES,0.6321151702213683,0.31771393156216193,0.9498291017835303,0.63221609185819,0.31773156607342695,0.9499476579316171,0.00011855614808675696,0.035105716347157596,0.17552858173578798,True,0.6879202172790001,YES,32968, YES,yes,0.6090989112854004,raw_passthrough,,
73,0,YES,0.7951909030089155,0.14510750839621178,0.9402984114051273,0.7952356736953132,0.14511290834101237,0.9403485820363255,5.017063119827636e-05,0.04730770661082276,0.2365385330541138,True,1.7011073104861263,YES,32968, YES,yes,0.7522745132446289,raw_passthrough,,
74,1,NO,0.18218796930887038,0.7833269249585157,0.9655148942673861,0.18228683305114757,0.7834139117099493,0.9657007447610969,0.00018585049371078188,0.016086802736058715,0.08043401368029357,True,-1.4585111850205472,NO,9319, NO,no,0.7752439975738525,raw_passthrough,,
75,0,YES,0.4310817089281045,0.5082477133830283,0.9393294223111328,0.4312433216709365,0.5083039016495078,0.9395472233204443,0.00021780100931145796,0.04243038130386802,0.21215190651934007,True,-0.16467130148220108,NO,9319, NO,no,0.5036971569061279,raw_passthrough,,
76,0,YES,0.9866782874560158,0.004333457353670011,0.9910117448096858,0.986688547567641,0.004333548472508059,0.9910220960401491,1.0351230463334637e-05,0.006750474514780162,0.03375237257390081,True,5.427978347716357,YES,32968, YES,yes,0.9571055173873901,raw_passthrough,,
77,1,NO,0.00015920632315591376,0.9928324837316046,0.9929916900547605,0.00015974689029102683,0.9928736730631366,0.9930334199534276,4.172989866713106e-05,0.0051682178330881455,0.025841089165440728,True,-8.738116234430189,NO,9319, NO,no,0.9862958788871765,raw_passthrough,,
78,0,YES,0.7540977305179695,0.2125701631649469,0.9666678936829164,0.7542158311645274,0.2125875230456682,0.9668033542101956,0.00013546052727919644,0.02254093714388246,0.11270468571941229,True,1.2662498622097849,YES,32968, YES,yes,0.7082628011703491,raw_passthrough,,
79,1,NO,0.001547090277568941,0.9644899011215422,0.9660369913991111,0.0015497257525451242,0.9646247582651583,0.9661744840177033,0.0001374926185921943,0.028609875082229553,0.14304937541114776,True,-6.435223434632171,NO,9319, NO,no,0.9537533521652222,raw_passthrough,,
80,1,NO,0.05577975089636311,0.9381151593833323,0.9938949102796955,0.05579736442898324,0.9381919518400498,0.993989316269033,9.440598933752042e-05,0.003804179837100024,0.01902089918550012,True,-2.8224617962853444,NO,9319, NO,no,0.9325253367424011,raw_passthrough,,
81,1,NO,0.30036250082230254,0.6832805025729377,0.9836430033952402,0.3004029789623013,0.6832958091040254,0.9836987880663267,5.578467108646734e-05,0.008837626578335101,0.04418813289167551,True,-0.8219153858856909,NO,9319, NO,no,0.6814215779304504,raw_passthrough,,
82,1,NO,4.160213008597147e-05,0.9866610223625418,0.9867026244926278,4.185428704746609e-05,0.9867135613639313,0.9867554156509788,5.279115835099546e-05,0.011154506487173437,0.05577253243586718,True,-10.073930423055012,NO,9319, NO,no,0.9739843606948853,raw_passthrough,,
83,0,YES,0.6250243567083089,0.34070379429822384,0.9657281510065328,0.6251293168191783,0.3407289131431534,0.9658582299623317,0.00013007895579897344,0.01716963284342178,0.0858481642171089,True,0.6067771583321038,YES,32968, YES,yes,0.5944799780845642,raw_passthrough,,
84,0,YES,0.006839193853124925,0.9827376807031617,0.9895768745562866,0.0068447740096570266,0.9827932162402468,0.9896379902499038,6.111569361721969e-05,0.00535886996206493,0.02679434981032465,True,-4.96767236158497,NO,9319, NO,no,0.974307119846344,raw_passthrough,,
85,1,NO,0.0010301481460714967,0.9772190293332335,0.978249177479305,0.0010331705106148626,0.9774158175069395,0.9784489880175544,0.00019981053824946748,0.015193300056364694,0.07596650028182347,True,-6.855008188513103,NO,9319, NO,no,0.9663748145103455,raw_passthrough,,
86,0,YES,0.433616401416657,0.5272446798619783,0.9608610812786353,0.4337382351879807,0.527279973778317,0.9610182089662977,0.00015712768766240615,0.02220022330341837,0.11100111651709184,True,-0.19550445340022732,NO,9319, NO,no,0.5233187675476074,raw_passthrough,,
87,0,YES,0.28118176561474684,0.7096343958977205,0.9908161615124673,0.2812644438575504,0.7096864238111903,0.9909508676687406,0.00013470615627331206,0.0043115089638341465,0.021557544819170733,True,-0.9257485891169321,NO,9319, NO,no,0.7061126828193665,raw_passthrough,,
88,1,NO,0.6386922973033506,0.31216541635951,0.9508577136628606,0.638780408825548,0.31218843385384426,0.9509688426793923,0.00011112901653165252,0.03711176228951731,0.18555881144758657,True,0.715889572580036,YES,32968, YES,yes,0.5982691049575806,raw_passthrough,,
89,0,YES,0.0449277524558056,0.9449461533832644,0.98987390583907,0.04494560713633582,0.9450072670581925,0.9899528741945283,7.896835545828651e-05,0.006398444513953514,0.03199222256976757,True,-3.046072246711887,NO,9319, NO,no,0.9380485415458679,raw_passthrough,,
90,0,YES,0.41169766546408937,0.5606700406813718,0.9723677061454612,0.41173927592884524,0.5606843672206341,0.9724236431494793,5.593700401806956e-05,0.019329032958893867,0.09664516479446933,True,-0.30884331142667354,NO,9319, NO,no,0.5589766502380371,raw_passthrough,,
91,1,NO,9.832119038133413e-05,0.997437567279713,0.9975358884700943,9.855526571763708e-05,0.9974598775787761,0.9975584328444937,2.254437439941359e-05,0.001624796615749026,0.00812398307874513,True,-9.224705254025322,NO,9319, NO,no,0.992712676525116,raw_passthrough,,
92,0,YES,0.9384234645967808,0.05204383154720724,0.9904672961439881,0.9384448859590914,0.052044925609513404,0.9904898115686047,2.2515424616620372e-05,0.006840422286241008,0.03420211143120504,True,2.892115024009044,YES,32968, YES,yes,0.9191670417785645,raw_passthrough,,
93,1,NO,0.8061398926183756,0.10896543246038669,0.9151053250787623,0.8063833133077949,0.10898298191641624,0.9153662952242111,0.00026097014544879116,0.06518091726008483,0.3259045863004242,True,2.0012265929400774,YES,32968, YES,yes,0.7761718034744263,raw_passthrough,,
94,0,YES,0.960606263281079,0.017216215524834873,0.9778224788059139,0.9606298710965834,0.01721688467752398,0.9778467557741074,2.4276968193515103e-05,0.017369865640096557,0.08684932820048279,True,4.021712906559228,YES,32968, YES,yes,0.9295611381530762,raw_passthrough,,
95,0,YES,0.40298557731875917,0.5778579168092345,0.9808434941279937,0.40306093449564734,0.5778972547066586,0.980958189202306,0.00011469507431238757,0.00957579351151559,0.04787896755757795,True,-0.3604272467687741,NO,9319, NO,no,0.5747125744819641,raw_passthrough,,
96,1,NO,0.00022856382197034009,0.9944511735508267,0.994679737372797,0.00022881450507261614,0.994476223980807,0.9947050384858797,2.5301113082631943e-05,0.004932273073086092,0.02466136536543046,True,-8.378130795477897,NO,9319, NO,no,0.9900267124176025,raw_passthrough,,
97,0,YES,0.65574878793268,0.2885234979351364,0.9442722858678163,0.6558076203871808,0.2885424954173836,0.9443501158045644,7.782993674809724e-05,0.037845871711647674,0.18922935855823836,True,0.8210012390952817,YES,32968, YES,yes,0.6227538585662842,raw_passthrough,,
98,1,NO,0.27600256449841254,0.6376237412000945,0.913626305698507,0.276084847004278,0.6376844920034771,0.913769339007755,0.0001430333092480307,0.06291351176724615,0.3145675588362307,True,-0.8373382047032005,NO,9319, NO,no,0.6323349475860596,raw_passthrough,,
99,1,NO,0.05722330883327231,0.9232841149769475,0.9805074238102198,0.05728481890941725,0.9235809405966575,0.9808657595060748,0.00035833569585497216,0.01289149013580835,0.06445745067904174,True,-2.780975691530454,NO,9319, NO,no,0.9120705127716064,raw_passthrough,,
100,1,NO,0.8946705529087922,0.07631362375930105,0.9709841766680932,0.8947198089650089,0.07631673520355838,0.9710365441685673,5.236750047410421e-05,0.023139512713584786,0.11569756356792393,True,2.4616040756707056,YES,32968, YES,yes,0.8663854598999023,raw_passthrough,,
101,1,NO,0.0003255169491538368,0.9973214145372368,0.9976469314863906,0.000326144143467712,0.9974054129769782,0.9977315571204459,8.462563405531309e-05,0.0014868541957242301,0.007434270978621151,True,-8.027413844175307,NO,9319, NO,no,0.9930330514907837,raw_passthrough,,
102,1,NO,0.00010450967399133759,0.9927784320302427,0.9928829417042341,0.00010484411214210536,0.9928112584798522,0.9929161025919943,3.316088776017523e-05,0.005725489361129446,0.02862744680564723,True,-9.158983137483805,NO,9319, NO,no,0.9855124354362488,raw_passthrough,,
103,0,YES,0.9761262376669038,0.01610320628148593,0.9922294439483897,0.9761507388442928,0.016103485818251956,0.9922542246625448,2.4780714155014927e-05,0.006174016260613597,0.030870081303067985,True,4.104573519778423,YES,32968, YES,yes,0.9521023035049438,raw_passthrough,,
104,1,NO,0.002920880227975431,0.9766926973331757,0.9796135775611511,0.0029255579649554615,0.9769021384620374,0.9798276964269929,0.00021411886584177253,0.01741885788397972,0.0870942894198986,True,-5.812287046415376,NO,9319, NO,no,0.9702885150909424,raw_passthrough,,
105,0,YES,0.9324072769231861,0.051611821473354434,0.9840190983965406,0.9324379703659494,0.05161274391481678,0.9840507142807662,3.1615884225622004e-05,0.012478651936222517,0.06239325968111258,True,2.8940189670514394,YES,32968, YES,yes,0.9099467396736145,raw_passthrough,,
106,0,YES,0.5438605520903366,0.38939077519876525,0.9332513272891019,0.543997279663648,0.3894211697026322,0.9334184493662802,0.0001671220771782833,0.04937465477781773,0.24687327388908864,True,0.33410947305058686,YES,32968, YES,yes,0.4953813850879669,raw_passthrough,,
107,1,NO,0.5161976874078391,0.4719757148622199,0.988173402270059,0.5162721300073743,0.47201394645315353,0.9882860764605278,0.00011267419046878668,0.006841302743837857,0.034206513719189285,True,0.08956227454420426,YES,32968, YES,yes,0.49963077902793884,raw_passthrough,,
108,1,NO,5.626615770171206e-05,0.9917545490567065,0.9918108152144082,5.639752324812755e-05,0.99177014358916,0.9918265411124082,1.572589800002966e-05,0.006707901897525729,0.03353950948762864,True,-9.777137659625863,NO,9319, NO,no,0.9846245050430298,raw_passthrough,,
109,1,NO,0.12974344327540166,0.8562212021572836,0.9859646454326852,0.1297948239432034,0.8563264905853655,0.9861213145285689,0.00015666909588363254,0.007167286043427086,0.03583643021713543,True,-1.886969769241048,NO,9319, NO,no,0.8512998223304749,raw_passthrough,,
110,0,YES,0.8017190562422911,0.15173978120166268,0.9534588374439538,0.8018129603523435,0.1517523821444792,0.9535653424968227,0.00010650505286891043,0.0329995109717501,0.1649975548587505,True,1.664591154573436,YES,32968, YES,yes,0.7400959134101868,raw_passthrough,,
111,1,NO,0.3101995242304838,0.6762026127946964,0.9864021370251802,0.31027412414457317,0.6762505076807567,0.9865246318253298,0.00012249480014958625,0.007028683606696911,0.03514341803348455,True,-0.7792770372119067,NO,9319, NO,no,0.6720366477966309,raw_passthrough,,
112,1,NO,0.033359118233420304,0.9508077786854782,0.9841668969188985,0.03338318790287397,0.9508776674565583,0.9842608553594323,9.395844053383673e-05,0.01128671153652416,0.0564335576826208,True,-3.349980771334884,NO,9319, NO,no,0.945543110370636,raw_passthrough,,
113,0,YES,0.6666976388078183,0.22982385047297385,0.8965214892807921,0.6668565956026774,0.2298559281717496,0.896712523774427,0.00019103449363488956,0.06309636416760524,0.3154818208380262,True,1.0650234800156606,YES,32968, YES,yes,0.6202477216720581,raw_passthrough,,
114,0,YES,0.9423821085365489,0.038955044074972286,0.9813371526115212,0.9424304329706622,0.03895648287487816,0.9813869158455404,4.9763234019173375e-05,0.015306520594832984,0.07653260297416492,True,3.1860025624779023,YES,32968, YES,yes,0.9064826965332031,raw_passthrough,,
115,0,YES,0.015544887203532198,0.9488309916772626,0.9643758788807948,0.015590358788685726,0.9492948022055769,0.9648851609942627,0.0005092821134679015,0.02656682586752788,0.1328341293376394,True,-4.111498904365694,NO,9319, NO,no,0.9404637813568115,raw_passthrough,,
116,0,YES,0.887392591976095,0.060959749575901175,0.9483523415519962,0.8874284606269274,0.06096132502460579,0.9483897856515332,3.744409953698735e-05,0.041546395272392934,0.20773197636196467,True,2.678073687521795,YES,32968, YES,yes,0.835950493812561,raw_passthrough,,
117,1,NO,0.6715078941560932,0.312692066727354,0.9841999608834473,0.671570946998632,0.3127082428306949,0.9842791898293268,7.922894587952811e-05,0.01051153878990009,0.05255769394950045,True,0.7643068779891501,YES,32968, YES,yes,0.6385929584503174,raw_passthrough,,
118,0,YES,0.9784795154355379,0.008925560077762743,0.9874050755133007,0.9784952434916123,0.008925869701562889,0.9874211131931752,1.603767987445881e-05,0.009159029669455608,0.04579514834727804,True,4.697080772338621,YES,32968, YES,yes,0.9661825895309448,raw_passthrough,,
119,0,YES,0.9876443091852707,0.007469594972808711,0.9951139041580794,0.9876633964669066,0.0074697974137055015,0.995133193880612,1.9289722532622733e-05,0.0035842984795637586,0.017921492397818792,True,4.884481844682218,YES,32968, YES,yes,0.9717528820037842,raw_passthrough,,
120,1,NO,0.2102461155882338,0.7639071948726996,0.9741533104609335,0.2103269082351525,0.7640069362780068,0.9743338445131593,0.00018053405222584473,0.013995537397594855,0.06997768698797427,True,-1.2901674856271639,NO,9319, NO,no,0.7557986974716187,raw_passthrough,,
121,0,YES,0.0003453452079078545,0.978764357282374,0.9791097024902818,0.0003468049766077533,0.9788417656345809,0.9791885706111887,7.88681209068498e-05,0.01730714977724816,0.0865357488862408,True,-7.949501672889829,NO,9319, NO,no,0.9722726345062256,raw_passthrough,,
122,0,YES,0.05837107055140223,0.836583633131352,0.8949547036827542,0.058391609044176056,0.8366350775833454,0.8950266866275215,7.198294476729039e-05,0.03173532827770067,0.15867664138850335,True,-2.662506095418773,NO,9319, NO,no,0.8212514519691467,raw_passthrough,,
123,1,NO,0.19559295583394487,0.7854530851776911,0.981046041011636,0.19566545890823395,0.7855742944179076,0.9812397533261416,0.00019371231450560078,0.014002746299266436,0.07001373149633218,True,-1.3902249860120524,NO,9319, NO,no,0.7813226580619812,raw_passthrough,,
124,1,NO,0.00017646171135510258,0.9958599143904083,0.9960363761017634,0.00017694495312968534,0.9959059188577984,0.9960828638109281,4.64877091647109e-05,0.0026836147860957674,0.013418073930478837,True,-8.63825795279876,NO,9319, NO,no,0.9910900592803955,raw_passthrough,,
125,1,NO,0.9213487419765443,0.06151690644476476,0.982865648421309,0.9214247331376242,0.06152096783056295,0.9829457009681871,8.0052546878151e-05,0.008255413137411401,0.04127706568705701,True,2.7065265817767057,YES,32968, YES,yes,0.8981602787971497,raw_passthrough,,
126,1,NO,0.021603598368528765,0.9091320712861217,0.9307356696546505,0.02164429685032269,0.9095204642260716,0.9311647610763942,0.0004290914217437436,0.05839549848030955,0.29197749240154774,True,-3.739630484571373,NO,9319, NO,no,0.8990594744682312,raw_passthrough,,
127,1,NO,3.823147680526162e-05,0.9904885267405875,0.9905267582173928,3.8426625592492605e-05,0.9905195945799123,0.9905580212055048,3.126298811206851e-05,0.008060919253028993,0.04030459626514497,True,-10.162294359148907,NO,9319, NO,no,0.9789611101150513,raw_passthrough,,
128,1,NO,0.11589989553249325,0.8359549273621181,0.9518548228946113,0.11601935883407699,0.8366974398955697,0.9527167987296467,0.0008619758350353335,0.03753685862222512,0.18768429311112558,True,-1.975847847998897,NO,9319, NO,no,0.82317715883255,raw_passthrough,,
129,1,NO,0.0001866294028562976,0.9852526684692207,0.985439297872077,0.0001877309546225164,0.9854077774280905,0.985595508382713,0.00015621051063607894,0.011462067594902186,0.05731033797451093,True,-8.571528550537472,NO,9319, NO,no,0.974098265171051,raw_passthrough,,
130,0,YES,0.9113170838536462,0.04649916408136943,0.9578162479350156,0.9113579087404795,0.04650059201267779,0.9578585007531573,4.22528181416304e-05,0.0333554175454871,0.1667770877274355,True,2.9754565623035396,YES,32968, YES,yes,0.8721669316291809,raw_passthrough,,
131,0,YES,0.05274234546050138,0.8232129072712373,0.8759552527317387,0.052794233986550566,0.8234075684475416,0.8762018024340922,0.0002465497023534935,0.07595011718698097,0.37975058593490485,True,-2.747796211692794,NO,9319, NO,no,0.7955984473228455,raw_passthrough,,
132,0,YES,0.40913618181457423,0.5888354259450665,0.9979716077596408,0.4091746228133263,0.5888456477220958,0.9980202705354221,4.866277578130518e-05,0.0004399797792794443,0.0021998988963972217,True,-0.3640986684561327,NO,9319, NO,no,0.5873235464096069,raw_passthrough,,
133,1,NO,0.0002056195432054153,0.9782202923752751,0.9784259119184805,0.00020667939565524433,0.9783479214652019,0.9785546008608571,0.0001286889423766091,0.01700809519140128,0.08504047595700641,True,-8.467462583052958,NO,9319, NO,no,0.9651734232902527,raw_passthrough,,
134,0,YES,0.8956292353541357,0.06004484666613443,0.9556740820202702,0.8957106466662413,0.06004969692934801,0.9557603435955894,8.626157531921308e-05,0.036076656151609716,0.18038328075804858,True,2.702434800032448,YES,32968, YES,yes,0.8467442989349365,raw_passthrough,,
135,1,NO,0.40233146600076,0.565139572250936,0.967471038251696,0.40246232441435853,0.565203250148312,0.9676655745626705,0.00019453631097454682,0.021861543822969558,0.1093077191148478,True,-0.33979644001011766,NO,9319, NO,no,0.5616470575332642,raw_passthrough,,
136,0,YES,0.9753287195926532,0.00642615929025602,0.9817548788829092,0.9753652651711433,0.0064268166246473175,0.9817920817957906,3.720291288134003e-05,0.014046363586040235,0.07023181793020117,True,5.02239751353563,YES,32968, YES,yes,0.9380217790603638,raw_passthrough,,
137,0,YES,0.1793551113328249,0.7587502620566589,0.9381053733894837,0.17949473854897896,0.7589633844842648,0.9384581230332438,0.00035274964376008633,0.04323516074589319,0.21617580372946593,True,-1.4423049849693697,NO,9319, NO,no,0.746770977973938,raw_passthrough,,
138,1,NO,0.0003773185530882017,0.9958174142236835,0.9961947327767717,0.00037811339053628237,0.99586545678027,0.9962435701708063,4.883739403460652e-05,0.0028740652665056768,0.014370326332528384,True,-7.878229398993047,NO,9319, NO,no,0.9922102689743042,raw_passthrough,,
139,1,NO,0.04549450128797616,0.7835365510809722,0.8290310523689484,0.04553522985455854,0.7837480633896801,0.8292832932442386,0.00025224087529018835,0.11124040024877517,0.5562020012438759,True,-2.8462262438757815,NO,9319, NO,no,0.7640895247459412,raw_passthrough,,
140,1,NO,0.08491244083779748,0.9028771868708606,0.9877896277086581,0.0849535782868258,0.9029876830615725,0.9879412613483983,0.00015163363974024513,0.007771986748159106,0.03885993374079553,True,-2.3639659207025647,NO,9319, NO,no,0.8982983231544495,raw_passthrough,,
141,0,YES,0.8432234648862504,0.14154932314786925,0.9847727880341197,0.843299073638793,0.14155711547810892,0.9848561891169019,8.340108278215297e-05,0.011249277087846005,0.05624638543923002,True,1.7845837759407066,YES,32968, YES,yes,0.810778021812439,raw_passthrough,,
142,1,NO,0.2216529528668616,0.7206952994566032,0.9423482523234648,0.22175280812015724,0.7207822077478595,0.9425350158680168,0.0001867635445520488,0.03836398080074671,0.19181990400373355,True,-1.1791035564066463,NO,9319, NO,no,0.7137681841850281,raw_passthrough,,
143,1,NO,0.0002754991941209539,0.9370232825527481,0.9372987817468691,0.0002773773777504967,0.9371131815908943,0.9373905589686448,9.17772217756685e-05,0.046076961310672994,0.23038480655336496,True,-8.131878701820442,NO,9319, NO,no,0.9248549938201904,raw_passthrough,,
144,1,NO,0.09782628703510454,0.8877686690900312,0.9855949561251357,0.09789891091294171,0.8879276200192753,0.985826530932217,0.00023157480708124734,0.009673435154001408,0.04836717577000704,True,-2.2055178767485715,NO,9319, NO,no,0.8802309632301331,raw_passthrough,,
145,0,YES,0.868427554210939,0.09862430432491569,0.9670518585358546,0.8684518939733495,0.09862599733058089,0.9670778913039304,2.603276807577881e-05,0.02430648078621916,0.12153240393109581,True,2.1753664419509646,YES,32968, YES,yes,0.8194035887718201,raw_passthrough,,
146,0,YES,0.14272624790328337,0.8129801366955715,0.9557063845988548,0.142901749431273,0.8131629211353743,0.9560646705666472,0.0003582859677924155,0.02919718860951916,0.1459859430475958,True,-1.7397782319120592,NO,9319, NO,no,0.8023653030395508,raw_passthrough,,
147,0,YES,0.8379415085546498,0.13864694836437308,0.9765884569190229,0.8379842006361771,0.13864962843791473,0.9766338290740918,4.537215506894565e-05,0.018702040733171776,0.09351020366585888,True,1.7990175369927213,YES,32968, YES,yes,0.8197228312492371,raw_passthrough,,
148,0,YES,0.9506505583121907,0.02807021666441507,0.9787207749766058,0.9506804421939788,0.028071286028445386,0.9787517282224243,3.0953245818476915e-05,0.016361983291977373,0.08180991645988686,True,3.522437439354028,YES,32968, YES,yes,0.9229993224143982,raw_passthrough,,
149,1,NO,0.22115867226966657,0.7303535439964747,0.9515122162661412,0.22127384538185932,0.7305034882544683,0.9517773336363277,0.00026511737018641846,0.03420107625941243,0.17100538129706216,True,-1.1946483057765005,NO,9319, NO,no,0.7214673757553101,raw_passthrough,,
150,0,YES,0.8932091003225651,0.06368747353260117,0.9568965738551662,0.8933271250428355,0.0636933298122332,0.9570204548550687,0.00012388099990245927,0.029616580460062946,0.14808290230031473,True,2.6408328129478873,YES,32968, YES,yes,0.8425498008728027,raw_passthrough,,
151,0,YES,0.30187479531014105,0.681218865881027,0.983093661191168,0.3019020000405551,0.6812287585092933,0.9831307585498484,3.7097358680404646e-05,0.011979289734091236,0.05989644867045618,True,-0.81387129712726,NO,9319, NO,no,0.6773648262023926,raw_passthrough,,
152,0,YES,0.13258616862913186,0.8223257364766858,0.9549119051058177,0.13263933827827717,0.8223734926422829,0.9550128309205601,0.00010092581474241413,0.02720401327534289,0.13602006637671446,True,-1.8249038263101072,NO,9319, NO,no,0.8161225914955139,raw_passthrough,,
153,0,YES,0.10348382550546376,0.7345553745326839,0.8380392000381477,0.10354180915467252,0.734655677163938,0.8381974863186105,0.0001582862804627716,0.1063999057731212,0.531999528865606,True,-1.9598500583667506,NO,9319, NO,no,0.7149724364280701,raw_passthrough,,
154,0,YES,0.0011079860010241305,0.9552835599980946,0.9563915459991187,0.001109636710332534,0.9553055223300171,0.9564151590403496,2.361304123088548e-05,0.0264295019551417,0.1321475097757085,True,-6.759464263180237,NO,9319, NO,no,0.9471141695976257,raw_passthrough,,
155,1,NO,0.00013182411335144195,0.9883194424252001,0.9884512665385515,0.00013246549746826817,0.988395302673296,0.9885277681707643,7.65016322127332e-05,0.009660449298653812,0.04830224649326906,True,-8.922292679738073,NO,9319, NO,no,0.9828689694404602,raw_passthrough,,
156,0,YES,0.949880796688376,0.013094391312823129,0.9629751880011991,0.9499176052636227,0.013095116674543888,0.9630127219381666,3.7533936967482084e-05,0.02867989890482908,0.14339949452414538,True,4.284152505008255,YES,32968, YES,yes,0.9105557799339294,raw_passthrough,,
157,1,NO,0.03254077566361957,0.9573656304099625,0.989906406073582,0.03255947008139553,0.95750312601595,0.9900625960973455,0.00015619002376343616,0.005851144562480298,0.02925572281240149,True,-3.3816914386603494,NO,9319, NO,no,0.9521827101707458,raw_passthrough,,
158,0,YES,0.3806686938769417,0.5695832420518502,0.9502519359287919,0.380723635220632,0.5696015035530201,0.9503251387736521,7.320284486023176e-05,0.030894749415619222,0.1544737470780961,True,-0.4029755121543599,NO,9319, NO,no,0.5642564296722412,raw_passthrough,,
159,1,NO,0.9589517527492717,0.018639010339731355,0.9775907630890031,0.9589778666134328,0.018639533901203657,0.9776174005146364,2.6637425633357914e-05,0.018021476495584898,0.09010738247792449,True,3.9405840491203015,YES,32968, YES,yes,0.913117527961731,raw_passthrough,,
160,1,NO,0.5458574248877994,0.3724816221904941,0.9183390470782935,0.5461165938585212,0.37254576858090505,0.9186623624394262,0.0003233153611327255,0.06340787956616249,0.3170393978308125,True,0.3821701148642731,YES,32968, YES,yes,0.4894673526287079,raw_passthrough,,
161,0,YES,0.9907427181642561,0.003154846394338269,0.9938975645585943,0.9907528795962481,0.003154937383171997,0.9939078169794201,1.0252420825751507e-05,0.004465062595857789,0.022325312979288945,True,5.749515073520125,YES,32968, YES,yes,0.9754329323768616,raw_passthrough,,
162,0,YES,0.9242234973062295,0.044642854341407835,0.9688663516476373,0.9242618790615275,0.0446439790313291,0.9689058580928566,3.950644521921731e-05,0.022991276796112202,0.11495638398056102,True,3.0302596652049374,YES,32968, YES,yes,0.8927419781684875,raw_passthrough,,
163,1,NO,0.022808011985034682,0.9593168213236717,0.9821248333087064,0.022832455349188468,0.9594575363069735,0.9822899916561619,0.0001651583474555629,0.013497450448478842,0.06748725224239421,True,-3.7391095095401865,NO,9319, NO,no,0.9493677616119385,raw_passthrough,,
164,1,NO,0.14160175639108274,0.8442587488887848,0.9858605052798676,0.14168135936941112,0.8443835883043084,0.9860649476737195,0.00020444239385197793,0.00849158842883621,0.04245794214418105,True,-1.7854404370439754,NO,9319, NO,no,0.8403357863426208,raw_passthrough,,
165,1,NO,0.0007153315265213678,0.9547554343997734,0.9554707659262948,0.0007177427117734986,0.9549934123859469,0.9557111550977204,0.00024038917142565897,0.03904105925827225,0.19520529629136124,True,-7.19646438694852,NO,9319, NO,no,0.9413015246391296,raw_passthrough,,
166,0,YES,0.6109239989164053,0.3390730633577983,0.9499970622742036,0.6110155663389051,0.3390902681235636,0.9501058344624687,0.00010877218826510493,0.032721320058544244,0.16360660029272123,True,0.5887569531206984,YES,32968, YES,yes,0.5719683170318604,raw_passthrough,,
167,0,YES,0.45042353947792435,0.49375824662921525,0.9441817861071395,0.45049649551765425,0.49378661918977507,0.9442831147074293,0.00010132860028977397,0.04406855970078795,0.22034279850393973,True,-0.09185767915521781,NO,9319, NO,no,0.49110352993011475,raw_passthrough,,
168,0,YES,0.9517153626511572,0.03309672051335773,0.984812083164515,0.9517357859105487,0.033097268686276236,0.984833054596825,2.097143231005738e-05,0.01119862847105596,0.0559931423552798,True,3.3588318019161645,YES,32968, YES,yes,0.9301572442054749,raw_passthrough,,
169,1,NO,0.7526881581870839,0.17660302889095258,0.9292911870780365,0.7527450289557991,0.17660968924170453,0.9293547181975036,6.353111946710843e-05,0.05403342795155522,0.27016713975777606,True,1.4497465703046402,YES,32968, YES,yes,0.6908876895904541,raw_passthrough,,
170,0,YES,0.8106742771851714,0.1726308637697385,0.9833051409549098,0.810696578493958,0.17263284406779725,0.9833294225617553,2.4281606845422132e-05,0.01271079703930976,0.0635539851965488,True,1.54671076293853,YES,32968, YES,yes,0.7958303093910217,raw_passthrough,,
171,0,YES,0.7862839722438366,0.17390797932346502,0.9601919515673016,0.7864204209656924,0.17392338473704758,0.96034380570274,0.00015185413543838955,0.031184247967598753,0.15592123983799377,True,1.5087917101591835,YES,32968, YES,yes,0.7497673630714417,raw_passthrough,,
172,1,NO,0.02225437316224088,0.9691030425135845,0.9913574156758254,0.022279042274090576,0.9694727448650134,0.9917517871391041,0.00039437146327869765,0.004051946319186399,0.020259731595931998,True,-3.773832409299516,NO,9319, NO,no,0.9578512907028198,raw_passthrough,,
173,0,YES,0.9795530500377936,0.00654632343418331,0.9860993734719768,0.9795655522532887,0.0065464655672303395,0.986112017820519,1.26443485422012e-05,0.011912356906353484,0.05956178453176742,True,5.008192811793974,YES,32968, YES,yes,0.9536594748497009,raw_passthrough,,
174,1,NO,0.00021221422108652632,0.9502111402897612,0.9504233545108477,0.0002137020178728738,0.9503541242471667,0.9505678262650396,0.00014447175419185498,0.0365795205772413,0.1828976028862065,True,-8.406843245800417,NO,9319, NO,no,0.9347740411758423,raw_passthrough,,
175,1,NO,0.001973508069312402,0.9947445611901493,0.9967180692594617,0.0019756458692903665,0.9948202602912501,0.9967959061605405,7.783690107876495e-05,0.0024301579408476555,0.012150789704238277,True,-6.222673276326437,NO,9319, NO,no,0.9907826781272888,raw_passthrough,,
176,1,NO,0.43449061500359676,0.5029175639933876,0.9374081789969844,0.43463016628290796,0.5029814897151683,0.9376116559980763,0.0002034770010919118,0.0450784089304894,0.225392044652447,True,-0.14625192304632004,NO,9319, NO,no,0.49770525097846985,raw_passthrough,,
177,1,NO,0.00042846456542378064,0.9563811816812693,0.9568096462466931,0.0004328567455890041,0.9564970101803978,0.9569298669259868,0.00012022067929373659,0.030350319001284348,0.15175159500642174,True,-7.710703795680556,NO,9319, NO,no,0.93953937292099,raw_passthrough,,
178,1,NO,0.8099739672579744,0.1573932240742044,0.9673671913321789,0.8100454724157622,0.15739928387916263,0.9674447562949249,7.756496274602398e-05,0.027136163337736392,0.13568081668868195,True,1.6382548219843753,YES,32968, YES,yes,0.771209180355072,raw_passthrough,,
179,1,NO,0.002486829739893892,0.9953023739505358,0.9977892036904297,0.002489245434169743,0.9953776775455875,0.9978669229797572,7.771928932753802e-05,0.0011660824021591312,0.005830412010795656,True,-5.992037881565702,NO,9319, NO,no,0.9902383089065552,raw_passthrough,,
180,1,NO,0.001050655556710467,0.9907666829482441,0.9918173385049546,0.001051554558056883,0.9908011246265038,0.9918526791845607,3.534067960608844e-05,0.00674906589116867,0.033745329455843354,True,-6.84906476060955,NO,9319, NO,no,0.9842513799667358,raw_passthrough,,
181,1,NO,0.0003252882168709448,0.9860069674590587,0.9863322556759296,0.0003269315907181508,0.986120315672569,0.9864472472632871,0.0001149915873575047,0.00980570326984838,0.0490285163492419,True,-8.016707086397558,NO,9319, NO,no,0.9726786017417908,raw_passthrough,,
182,0,YES,0.47028688233058347,0.4956401359530308,0.9659270182836143,0.47050808250159476,0.4957150060188157,0.9662230885204104,0.0002960702367961199,0.01885364222207558,0.0942682111103779,True,-0.05250723461551649,NO,9319, NO,no,0.4930744767189026,raw_passthrough,,
183,1,NO,0.0014776519013821598,0.9864454129837006,0.9879230648850827,0.0014815272160171571,0.9866728166346873,0.9881543438507044,0.00023127896562169514,0.008342855313908555,0.041714276569542776,True,-6.503653714482629,NO,9319, NO,no,0.978358805179596,raw_passthrough,,
184,0,YES,0.011005261168065772,0.9832770094182542,0.99428227058632,0.011008241463014087,0.9832957710358253,0.9943040124988394,2.174191251935742e-05,0.0038499656396199194,0.019249828198099596,True,-4.492517433916621,NO,9319, NO,no,0.9771165251731873,raw_passthrough,,
185,1,NO,0.0010479417537965219,0.9485448683416873,0.9495928100954838,0.001050433539129879,0.9486227008568701,0.949673134396,8.0324300516188e-05,0.04011857074574937,0.20059285372874686,True,-6.808101085911879,NO,9319, NO,no,0.9334803223609924,raw_passthrough,,
186,0,YES,0.9010672527474526,0.07890088258305902,0.9799681353305116,0.9011252427820725,0.07890345860532998,0.9800287013874025,6.056605689086503e-05,0.014993064323081147,0.07496532161540574,True,2.4353874832638507,YES,32968, YES,yes,0.8727467656135559,raw_passthrough,,
187,1,NO,0.8625265413684247,0.12881167815506017,0.9913382195234848,0.8625851604472285,0.12881655049554608,0.9914017109427746,6.349141928985169e-05,0.005617824898460716,0.02808912449230358,True,1.9015144425606931,YES,32968, YES,yes,0.8369560837745667,raw_passthrough,,
188,1,NO,0.0032105638839539097,0.9771082527850319,0.9803188166689858,0.0032215094639169773,0.9778036476018165,0.9810251570657335,0.0007063403967476622,0.010577796728849653,0.052888983644248266,True,-5.71815086030944,NO,9319, NO,no,0.962705671787262,raw_passthrough,,
189,1,NO,0.00022234423456879426,0.9948491439904252,0.995071488224994,0.00022262777768502525,0.9948766932383556,0.9950993210160406,2.7832791046566996e-05,0.003847512964411855,0.019237564822059273,True,-8.40611959898007,NO,9319, NO,no,0.990932822227478,raw_passthrough,,
190,0,YES,0.3898507093581429,0.4435980068559196,0.8334487162140625,0.38998631861867583,0.44366583333161674,0.8336521519502926,0.00020343573623016198,0.12983064647253345,0.6491532323626672,True,-0.1291548930338951,NO,9319, NO,no,0.4396466314792633,raw_passthrough,,
191,1,NO,0.039402618972530945,0.910015020272173,0.9494176392447039,0.039442807521072695,0.9101821349321153,0.949624942453188,0.00020730320848405537,0.033007529698971506,0.16503764849485753,True,-3.1396288196651954,NO,9319, NO,no,0.8953940868377686,raw_passthrough,,
192,1,NO,0.00043154951619328585,0.9930013543367607,0.993432903852954,0.0004328455539003574,0.9931364794884593,0.9935693250423596,0.0001364211894056,0.004992236805177772,0.02496118402588886,True,-7.7411050470198175,NO,9319, NO,no,0.9890820980072021,raw_passthrough,,
193,0,YES,0.9763301585335284,0.01245118336282229,0.9887813418963507,0.9763579254397847,0.012451479353644556,0.9888094047934293,2.8062897078573457e-05,0.008083036843953699,0.040415184219768495,True,4.361985138700469,YES,32968, YES,yes,0.9519640207290649,raw_passthrough,,
194,1,NO,0.004912853214534607,0.9908997046335948,0.9958125578481294,0.0049177123663741345,0.9910363087398676,0.9959540211062418,0.00014146325811237315,0.002762557675067201,0.013812788375336005,True,-5.306758446995206,NO,9319, NO,no,0.9844864010810852,raw_passthrough,,
195,1,NO,0.0001354846319023828,0.9978370076012523,0.9979724922331547,0.00013564905745292713,0.9978481474078839,0.9979837964653367,1.130423218209664e-05,0.0012479165901407262,0.006239582950703631,True,-8.904486999345973,NO,9319, NO,no,0.9947868585586548,raw_passthrough,,
196,0,YES,0.6382393663370749,0.26060800214260305,0.8988473684796779,0.6383605727050132,0.26062055685637064,0.8989811295613839,0.00013376108170592982,0.08231633323374832,0.4115816661687416,True,0.8956960244962855,YES,32968, YES,yes,0.6018087267875671,raw_passthrough,,
197,1,NO,0.5348847467139421,0.4250413528794299,0.959926099593372,0.5349294629174342,0.4250522081596502,0.9599816710770843,5.557148371226894e-05,0.023972775514383614,0.11986387757191808,True,0.22986483190117799,YES,32968, YES,yes,0.5103548765182495,raw_passthrough,,
198,1,NO,0.9399775447309366,0.041034887442970784,0.9810124321739074,0.9400116324551433,0.04103656172134042,0.9810481941764837,3.576200257626727e-05,0.01453739028161163,0.07268695140805816,True,3.1314333682452355,YES,32968, YES,yes,0.8988836407661438,raw_passthrough,,
199,0,YES,0.9429278119787341,0.02457611283503612,0.9675039248137702,0.942979815824574,0.024577684844872893,0.9675575006694469,5.357585567666856e-05,0.023616124936279053,0.11808062468139527,True,3.6472147799853682,YES,32968, YES,yes,0.9045078754425049,raw_passthrough,,
