sample_id,contradiction,chain_length,next_token_id,next_token_decoded,dh_pre_l2,dh_post_l2,cos_dh_pre_post,cos_fisher_raw_top1,nr_fisher_pre_r1,nr_fisher_post_r1,nr_raw_pre_r1,nr_raw_post_r1,nr_fisher_pre_r2,nr_fisher_post_r2,nr_raw_pre_r2,nr_raw_post_r2,nr_fisher_pre_r3,nr_fisher_post_r3,nr_raw_pre_r3,nr_raw_post_r3,nr_fisher_pre_r4,nr_fisher_post_r4,nr_raw_pre_r4,nr_raw_post_r4,nr_fisher_pre_r5,nr_fisher_post_r5,nr_raw_pre_r5,nr_raw_post_r5,nr_fisher_pre_r8,nr_fisher_post_r8,nr_raw_pre_r8,nr_raw_post_r8,nr_fisher_pre_r13,nr_fisher_post_r13,nr_raw_pre_r13,nr_raw_post_r13,nr_fisher_pre_r16,nr_fisher_post_r16,nr_raw_pre_r16,nr_raw_post_r16,nr_fisher_pre_r21,nr_fisher_post_r21,nr_raw_pre_r21,nr_raw_post_r21,nr_fisher_pre_r32,nr_fisher_post_r32,nr_raw_pre_r32,nr_raw_post_r32
0,False,2,14080, YES,470.9875793457031,304.56927490234375,0.9323804974555969,0.18850609282358044,0.9892957887469481,0.9981212666943768,0.9955353718470675,0.9980284920843223,0.98912081799042,0.9981212620798986,0.993982455838534,0.9974370022232137,0.989107328831618,0.9979861985310589,0.993982306661609,0.9972621921929886,0.9890999015374633,0.9979743116035024,0.9926063019460416,0.9965129576441941,0.9890632059914035,0.9977146066146224,0.9865194938808928,0.9806733341627766,0.9865046595982467,0.9970972530735597,0.983838301068249,0.9778800940863418,0.9844358127307538,0.9969165187214011,0.9737607759158418,0.9629445181727487,0.9802527879628063,0.996430367116019,0.9721935414878491,0.9603779064900066,0.9773786458127748,0.9958481912325307,0.9713676100590539,0.9587634470931696,0.9753272276556586,0.9948008031903129,0.9654105542897681,0.9512507293603364
1,True,2,5664, NO,459.73956298828125,298.1531066894531,0.9415416121482849,-0.08570384435758399,0.990597809728485,0.9953810687665793,0.9990456639167138,0.9986399743634482,0.9862413795677789,0.9942895248230926,0.9990388181690387,0.9982132664903461,0.9856460553682924,0.9935794508858158,0.9989855900113126,0.9979198265844043,0.9856406645545618,0.9935630746510332,0.9979903103713356,0.9972250388385641,0.9855974186142084,0.9930558174062317,0.9939136099377959,0.9857721000819045,0.9849049825532102,0.9930101378056106,0.9925671829261744,0.9835609408277768,0.9763770340255151,0.9916988637081192,0.9872350170826572,0.9729591318133605,0.9756844342435326,0.9915884225523411,0.9863619495066938,0.9713151366940006,0.9746272836452544,0.9915021335060779,0.984795692025745,0.9693689098145598,0.9718928819291885,0.9903836489075974,0.9812788482307111,0.9638648906935554
2,True,2,5664, NO,447.68768310546875,282.8774719238281,0.9415190815925598,-0.0833793436175444,0.988714639117372,0.9943384214811927,0.9996561015512686,0.9990466599577903,0.9849826730408042,0.9929307605279079,0.9967245390984238,0.9988230332640512,0.983875850941711,0.9922732298484668,0.9960432599234448,0.9985494625423448,0.983336679385283,0.9921314776284983,0.9958344000856537,0.9981103901981405,0.982735721444821,0.9915234424069737,0.9926696408776183,0.989325957188155,0.9816671639207147,0.9913171473811625,0.9918663627093366,0.9876100087838531,0.9770305544825727,0.9897557857464397,0.9886260079090161,0.9784167897838633,0.9750783654293076,0.9891825692302489,0.9878741166125217,0.9770309493600533,0.9743415702386403,0.9889956563108299,0.9859800235136618,0.9751731035093536,0.972054781367136,0.9872852475198327,0.983219533822814,0.9704221102981537
3,True,5,5664, NO,461.7509765625,296.52471923828125,0.9448081254959106,-0.08449875097957732,0.9898705670828464,0.994947338160467,0.9998523052231991,0.9988244811185628,0.9859140940360123,0.9938016886252411,0.9993782208628292,0.9984572561810992,0.9852945452987849,0.9932623016595583,0.9991398507659547,0.998223964140439,0.9851634751168283,0.9931807790164663,0.9985317887367317,0.9976917592567229,0.9849744667716638,0.9926411784342338,0.9947464296646513,0.9872483964206881,0.9828777206255687,0.9923529044759911,0.9937277628536576,0.9852416878063099,0.9777609717773709,0.9912779836624332,0.9893557481117504,0.9750288527348341,0.9771600487502428,0.9911700976740403,0.9885584405771329,0.9735254700245066,0.9753008610349925,0.9904979695421572,0.9870968606761079,0.9717401812178407,0.9731189578835403,0.9893303929507289,0.9834358320891239,0.9659817488216991
4,False,5,21806, Answer,467.04833984375,315.3809814453125,0.8877344131469727,0.1569162176552689,0.98217737775039,0.9934896870501302,0.994885367927582,0.9993644141505506,0.9804180023301202,0.9933927074526178,0.9787536755544679,0.9991406302684588,0.9778940585257395,0.9926887312301961,0.9786948372374361,0.9975301164346294,0.9711865081617566,0.9898252741483634,0.9783544580118237,0.9960533831612487,0.9660079440395325,0.9872734000488392,0.9716215668689678,0.9885028213265856,0.9569917852515589,0.9839792374185022,0.9708562706863793,0.9857445765322618,0.9433028351476324,0.9785033404634284,0.9671304516831928,0.9828444116826364,0.9405301781274086,0.9773488442183547,0.9658099267245438,0.9823933140692445,0.9281966792577065,0.9708557363999022,0.9641529243668295,0.9800096388859189,0.9157523889447226,0.9642411301250076,0.962167215456747,0.9775189959157482
5,False,2,14080, YES,463.1322326660156,299.3542785644531,0.9398965239524841,0.18418510878758076,0.9906386107416532,0.998074226482328,0.9981665871391507,0.9980904421399065,0.9901477801499973,0.9980441765552784,0.9980736845850413,0.9975936291646677,0.9900126958416815,0.9978238099613392,0.9979697671724899,0.9974280310965286,0.9899999408484681,0.9978230241377298,0.9970666025586413,0.996756159057985,0.98944708034097,0.9973815236226053,0.991089335918294,0.981858015354584,0.9873697833586216,0.9967141809494606,0.9892832043106573,0.9791596876663657,0.9854440129421047,0.9965306284809589,0.9800961648604166,0.9641959340184035,0.9824529742302156,0.9960981892588453,0.978643227168959,0.961794713423346,0.979987339315217,0.9954088912051715,0.9777762732360407,0.9602054887517548,0.9771738082149987,0.9945012970688184,0.9724687289847885,0.9530239630178335
6,True,5,5664, NO,473.15478515625,309.6293029785156,0.9387457370758057,-0.08469818911891498,0.9916849216035264,0.9958036804284689,0.9975032748508622,0.9984524874474544,0.9872638893333655,0.9948218162579837,0.9969986778871089,0.9979605680721105,0.9871103871632017,0.9943549151718327,0.9969983326082168,0.9977142652950198,0.9870987893268441,0.9943141113784,0.9954960730966986,0.9969903921000605,0.9870809051033047,0.9937415483956435,0.9905896236447966,0.984226333204517,0.9853800828705119,0.9935902115562922,0.9883732725152419,0.9817626458185743,0.977806243045224,0.9926433212855168,0.9816989481486895,0.9701372892556995,0.9764752147413852,0.9925586599125985,0.9806450132559512,0.9682904458883155,0.9755172385041383,0.9925259452348332,0.9793236067044243,0.966398301743629,0.9726226378727292,0.9915660669197898,0.9749686617963815,0.9604349990916727
7,False,5,21806, Answer,465.6008605957031,321.7911071777344,0.8834332823753357,0.13603245159633287,0.9825792769044157,0.9930893532562062,0.9932799487877285,0.9990813817843023,0.9784098675863758,0.9925720948671735,0.972337512633053,0.9987983191402607,0.9678050796312817,0.987804912567976,0.9721169106564386,0.9970979295373308,0.9677418375170298,0.9877951802362491,0.9716709144230334,0.9952395807619555,0.966527177040565,0.9874524061419201,0.9632043006438759,0.9852786096245835,0.960340423504127,0.9855015318578055,0.9623783706778796,0.9818199627172358,0.9401533955092689,0.977531879493607,0.958483859643795,0.9779408481873865,0.9389619849233412,0.9763995556430097,0.9571156439475398,0.9775433168916182,0.9288516774191037,0.9707367142456989,0.9555334780137221,0.97497115422712,0.9118923373768414,0.9622958480515017,0.9534728659856964,0.9724311979622401
8,False,2,21806, Answer,464.0014953613281,318.1202087402344,0.8866207599639893,0.18672034810521104,0.9802969235007144,0.9940699405612883,0.9949124308555182,0.9993079002270896,0.9795584305158871,0.9931907480078679,0.9785271634951233,0.9991064954961276,0.9772953152905234,0.9926088337569762,0.9784116672665779,0.9976438866167096,0.9697437345132082,0.9893683110502883,0.9779719838503079,0.9960922856355163,0.966736791325801,0.9878365680312132,0.9710856882448958,0.98824469355341,0.9560781573694875,0.9848114524631636,0.970154620615894,0.9851163710063207,0.9424569491860137,0.9793489621704308,0.9665733575484833,0.9819873616809804,0.9403031906808763,0.9780703958851134,0.965309147193228,0.9815931952568396,0.9302051485767272,0.9726784409590413,0.9638443573304575,0.9792776616971999,0.916910373804694,0.9654588911635835,0.9618002954834596,0.9766737514308774
9,True,5,5664, NO,463.1339416503906,299.03424072265625,0.9413627982139587,0.08496518438420446,0.991487644046495,0.9955575296167198,0.997996764103557,0.9986796868361294,0.9873717873236357,0.9945427796443989,0.9977897819700347,0.9982502205206815,0.9871804650853722,0.9940000888700044,0.9977819733421367,0.9980376682037239,0.9870890727174189,0.9939396265925255,0.9966119614252444,0.9974417606979171,0.9870670054174414,0.9934214894230986,0.9921430627889537,0.9860347733517668,0.9854452184415728,0.9932487456017777,0.9904043443073279,0.9839876491039299,0.978335567862216,0.9921519012589127,0.9845859706899441,0.9733782274931795,0.9770545830235022,0.9920707722205758,0.9835542072603101,0.9716231277427866,0.9760221930711664,0.992018518450833,0.9821238896632141,0.9697286568513058,0.9732434913473093,0.9910561736057829,0.9780482456937116,0.9641346137483066
10,False,2,14080, YES,480.3479919433594,317.08856201171875,0.9394140839576721,0.14713140193543292,0.9901485521211872,0.9979154045095331,0.9978304419991559,0.9978850621627068,0.9898861139504611,0.9979154040533003,0.9977297569776955,0.9973495030267163,0.9895558701865403,0.9975520018892529,0.9976124721432652,0.9971533857793002,0.9895432323923219,0.9975302309658705,0.9963710216600914,0.9962934972857871,0.9895086468461847,0.9975297935739118,0.9886162407888179,0.9790812924935721,0.9891617439635616,0.9971448917451151,0.9863105224849772,0.97615505596534,0.9857279816593558,0.996810534297667,0.9763101579926143,0.9600747125772434,0.9845328676794373,0.9967171765497425,0.9747924279036658,0.9575351846310199,0.9793677149561376,0.9956488487006669,0.9738969343112696,0.9558331713479972,0.9781577404460119,0.9951609709462435,0.9682308891442019,0.948240951891152
11,True,5,5664, NO,457.31634521484375,297.3338623046875,0.9390018582344055,-0.08764538222550672,0.9912789509684282,0.995461801976605,0.9974142652534163,0.998700783218932,0.9869108335786358,0.9944350040683082,0.9968116752314359,0.9982332959648599,0.9866994420385415,0.9938218307945776,0.9968104330318547,0.9980108914330723,0.9866076054862665,0.9937421231629399,0.995493052532854,0.9973631970715857,0.9866008363137485,0.9932383032671347,0.9911864572237494,0.9858393743081055,0.9850311030147324,0.9930433371441334,0.9892328326124495,0.983724796728731,0.9775625062198898,0.9919526609737072,0.9833292676821965,0.9734380821816137,0.9756088831210208,0.991736059772903,0.982343617755522,0.9716792434731134,0.9737996516162882,0.9915432101578854,0.9810287564246035,0.9698624059646334,0.9700398860851586,0.9901547479847992,0.9769368786209512,0.9642455376566504
12,True,2,5664, NO,445.360107421875,284.7696838378906,0.9413970112800598,-0.08349892538940551,0.9886271207729358,0.994544462724493,0.9999999904594596,0.9989844957910321,0.9841259433173074,0.9931400366222725,0.9993052161742904,0.9986902712241014,0.983012205290444,0.9924288622852578,0.9990381110873207,0.9983814593192863,0.9823324137882719,0.9922092860762137,0.9986504106327605,0.9978239682380489,0.982122429843378,0.991672121982344,0.9959729241193738,0.9883136600221955,0.9814333494909941,0.9915615331687351,0.9951645358930413,0.9862519411750448,0.9749433746588639,0.9898769606217731,0.9914073499652308,0.976758651189735,0.9728463599800459,0.9892967103287739,0.9907337478994725,0.9753530287959682,0.9713196562176556,0.9889427607654354,0.9888462658404702,0.9733834329632265,0.9684467092364524,0.9872631639105499,0.986173287554662,0.9683716917590797
13,False,2,14080, YES,487.1369934082031,314.1571960449219,0.9322198033332825,0.18867630062628243,0.9891014312544698,0.9981018121361427,0.9954354298269077,0.9979401361474136,0.9890882045873979,0.9980759710867149,0.9938278633618686,0.9973723318913416,0.9890559339396189,0.997851439068147,0.9938273140811417,0.9972155343671545,0.9886331987726025,0.9976084360197731,0.9924142527326212,0.9964728593967683,0.9883201377317624,0.9974583949025956,0.9859982563622726,0.9803090137206244,0.9879882307081458,0.9970236421599322,0.9831247496978107,0.977532719760245,0.983309849414176,0.9967651524942801,0.9728037308575853,0.9622629067073886,0.9806456640636156,0.9964264887722711,0.9713007668685402,0.9597562885920593,0.9771146917159476,0.9957186580163063,0.9704900673633852,0.9581243739377755,0.9751543332089554,0.9948901766617089,0.9646436595497474,0.9507658624290343
14,True,2,5664, NO,453.12237548828125,292.54400634765625,0.9414778351783752,-0.08455054500812503,0.9898622476341707,0.995204508544127,0.9994871309767801,0.9988649702369227,0.9851151614189358,0.993944916876574,0.999478427663975,0.9984985747284755,0.9841471120355784,0.9931528657872574,0.9994157566256066,0.9982191827481034,0.9840293583077829,0.9930939530100201,0.9987502454673336,0.9976650744160779,0.9839621680635037,0.9925770226577675,0.9958511441743627,0.9878075242723979,0.9829486341402787,0.9924851574911093,0.9948951989401948,0.9857673292556208,0.9752646544735818,0.9910105764499371,0.9905707559691969,0.9759955403102503,0.9739098434729326,0.9906858611021583,0.9897785401555212,0.9744871054513783,0.9729077904410128,0.9905430865730874,0.9881302337421328,0.9725698611736634,0.9697203115862064,0.9888926685086388,0.9849026235923126,0.967116188358166
15,False,2,21806, Answer,471.0718078613281,315.9643249511719,0.8797327280044556,-0.1863909030960394,0.9804152217498592,0.9943404954581216,0.9930764444265978,0.9991883515959639,0.9797173608197057,0.9934114665303599,0.9721655492013107,0.9989733033462335,0.9764747268244297,0.9924135806762526,0.9718962836345376,0.9975217609839659,0.9692745258961518,0.9891969752315513,0.971559260090898,0.9960034996360563,0.9663502098994362,0.9875883432759852,0.9637838116867239,0.9875367125724988,0.9608761941390017,0.9859374998468144,0.9627491083034204,0.9837434429845594,0.9410088169540761,0.9790757745780682,0.959199765739983,0.9804522201722393,0.9400631406614263,0.9781675788496121,0.9580275710311632,0.9801116114038629,0.9279503201006869,0.9716766384214386,0.9565516369117059,0.9775992754687348,0.9163435542778822,0.9658761301156576,0.9547188206068208,0.9750343807785531
16,False,5,21806, Answer,481.48675537109375,325.7327880859375,0.8731480836868286,0.14123134793932535,0.981616183379124,0.9931752689934439,0.9913958933263289,0.9990297623360086,0.9776500727951261,0.9927524553955464,0.9657895126182036,0.9987468149202269,0.9667752068258627,0.9878574833352491,0.9653338506050473,0.9970008659774147,0.9667596319480424,0.987821101548244,0.9649973626396489,0.9952016108728708,0.9649747236943035,0.9869497500119385,0.9558254970692172,0.9845608082239036,0.9581019278779649,0.9851082810614303,0.9550133976150159,0.9807627578005601,0.9388597783381233,0.9781008161005137,0.9511750706010023,0.9767034877956023,0.9372533456012557,0.9765653249846088,0.9497472930618418,0.9762799637583252,0.9232435365024658,0.9692142720435407,0.9482572281832993,0.9736498480961352,0.9055693192120225,0.9606921280107471,0.9462423190290975,0.9710316341188029
17,True,2,5664, NO,449.54083251953125,293.14111328125,0.9420427680015564,-0.08689518721734754,0.9911682176569817,0.995627972392912,0.9993544585246812,0.9986514260399063,0.9875383103393455,0.9947237531921096,0.9993354387896916,0.9982723131937664,0.9870436444166969,0.9941607615952133,0.9992547869207123,0.997968955846719,0.9870164918283989,0.9941002653893111,0.9983118878259607,0.9972296957748401,0.986917075696353,0.9935235203983945,0.9940159373198174,0.9856984155830095,0.9859909273683668,0.9934425505131422,0.9929167261181288,0.9836638403275196,0.9786590666430474,0.9921948686276058,0.9873795362730486,0.9727470335312055,0.9774486572939592,0.9920628275921509,0.9865307117335539,0.9711030421672333,0.9766864614617972,0.991947975586934,0.9847338011240914,0.9690329893966743,0.9748410304927941,0.9910214172570571,0.9813763780564012,0.9637120374257885
18,False,2,21806, Answer,472.6141357421875,319.6719970703125,0.8823761940002441,0.1470318166184959,0.9809821171847979,0.9927900436682245,0.9939568993444372,0.9991893824451186,0.9780780168321453,0.9925887487537164,0.9750570804384459,0.9989817124281516,0.9769101539987234,0.9920443517021847,0.974812144388013,0.9974974326967658,0.9720086403715048,0.9905335038272383,0.9744439341523179,0.9958935969139362,0.9662757686050135,0.9876404513963123,0.9668676649475304,0.9869295085655229,0.9603877535692973,0.9857471709621711,0.9660002614057697,0.9835930892885264,0.9402831967674108,0.9782621184634911,0.9623409543077821,0.9802514898303413,0.9364583499116517,0.9757409549007034,0.9610119397550562,0.9798164727548663,0.9259524961922373,0.9698693726862059,0.9592831123813992,0.9769798629058071,0.9147140870623511,0.9638693748799617,0.9572561256522303,0.9743305493622975
19,False,5,21806, Answer,472.2898254394531,317.53094482421875,0.8788726329803467,0.14582649082715377,0.9821508136603484,0.9934284678498179,0.9930753669572947,0.999329312648635,0.9790436866989705,0.9931539099944354,0.9721491901692323,0.9991144518065848,0.9705676874977307,0.9893673463265223,0.9719767037890359,0.9974621652848898,0.9680722923249798,0.9881943145886979,0.9716977307426881,0.9959292251289074,0.9676889104909093,0.98815914061871,0.9643747051455132,0.9877823399324206,0.961313529321929,0.9862429461616038,0.9637833877815828,0.9848648631999174,0.9428380803092998,0.9791208303564588,0.9600461208215445,0.9817903173673725,0.9400917342730643,0.9775700132981695,0.9586647397039764,0.9813385193901025,0.9250365036291088,0.9698009808110551,0.9570240133450054,0.9787348298894611,0.9103420839695388,0.9626993418174934,0.9550083104328425,0.9762154201799468
20,False,2,5664, NO,503.6099853515625,330.1514892578125,0.9367651343345642,-0.005027593314825306,0.9931388639045089,0.9978069241585975,0.9975613757600368,0.9975198996402266,0.9899779071181956,0.9975924242740402,0.9974625639977129,0.9968055711367985,0.989715266767534,0.9975329259307173,0.9972611863385312,0.996503660506257,0.9895856135126964,0.9972570695339039,0.9951961538761473,0.9952752400365078,0.9893031528998608,0.9972472306773965,0.984011192725194,0.9734899001451682,0.9887060012428494,0.9971142243490682,0.9802211977313678,0.96906854152938,0.9851932850104983,0.9964282919068662,0.9691706767068022,0.9516469520342359,0.9828785462610743,0.9960099481760771,0.967635551776386,0.9490270120183835,0.9800000742637237,0.9958947450253366,0.966449846824021,0.9468504669438348,0.9749247726662182,0.9942181622059416,0.9596281152361429,0.9378363171243809
21,False,5,21806, Answer,469.9769592285156,321.67724609375,0.8801957964897156,0.13357988210902166,0.9826720326735411,0.9931930881306287,0.9920648273916255,0.9990945720990482,0.9779207659961667,0.9925507807088791,0.9688938947268597,0.9987983746441597,0.9675799438422866,0.9877925629052727,0.968579768627638,0.9970099374958044,0.9672612618889337,0.9876199192363654,0.9682693340086924,0.9952090422445856,0.9667032825208333,0.9875273998995571,0.9599089328593949,0.9850780733541653,0.9596924393307468,0.9852606107914068,0.9591949786660455,0.9813836756692487,0.9419145309888594,0.9783383663119739,0.9555611784556043,0.9776638504813407,0.9387823059237876,0.9763506537326223,0.9541952118360298,0.9772333747254618,0.9269465939499789,0.9701036597804373,0.9526198168618291,0.9745612381693768,0.9086810949118128,0.9612201610111245,0.9505333411379077,0.9719413756533742
22,False,5,14080, YES,452.90045166015625,285.57183837890625,0.9423388838768005,0.1866293337568893,0.9897902412544773,0.9965555183297349,0.9995496293047548,0.9990509780268764,0.9895874495875436,0.9965277244304548,0.9962120137196172,0.9988828049732277,0.9893692586046253,0.9964750375879935,0.9949758491144198,0.9988278802174119,0.9881657043722397,0.9962335627386218,0.9949670409721174,0.9986137372734258,0.9866326368263798,0.9954290003121067,0.9921277544610926,0.9908068454373941,0.9849173074675575,0.9946052015814367,0.9916600066576032,0.9892138359826662,0.9833174698088963,0.9941985245238206,0.9872183192430467,0.9786834544478451,0.9826656074018302,0.9938550115397399,0.986015277297512,0.976815496233017,0.9783210525051198,0.9922007114827459,0.9848935703096031,0.975547687203028,0.9771274796956394,0.9916966735587246,0.9810456096180591,0.9702571098201058
23,True,5,5664, NO,459.8223876953125,299.7530212402344,0.9438350796699524,-0.08325840575657206,0.9901322680351068,0.9949022099253377,0.9991298633044352,0.9987839112602181,0.9862162186769163,0.9938487701851433,0.9991297051518531,0.9983962076030793,0.9856301613202121,0.9930720362471979,0.9990681616441567,0.9981609528219274,0.9856168048490459,0.9930649558760045,0.9981749044739262,0.9975982484274594,0.9855175271254405,0.9925241805918117,0.9941424338756957,0.9867370945598436,0.9848468986178287,0.9924538803450509,0.9927802844456882,0.9846210340113309,0.9773972092048168,0.9911019531800367,0.98765550921151,0.974395881368065,0.9758919579560855,0.9909865783504054,0.9868033411058783,0.9728245575869727,0.9752871601817014,0.9908180205624207,0.985303690395896,0.9709899085548115,0.9716901800247938,0.9895510060623185,0.981422902204268,0.96536821820667
24,False,2,21806, Answer,461.181640625,313.5210266113281,0.8835346102714539,0.16998771571843088,0.9800932454407909,0.993273164294368,0.9940942679896368,0.9993184024621429,0.9796046399409134,0.9932625080829749,0.9758312275734748,0.9991590212882525,0.9770876010950131,0.99256173781283,0.975648482830132,0.9978064080988266,0.968326214979185,0.9884785267755775,0.9753782996777632,0.9964884329771101,0.9683227132253018,0.9884759236219758,0.9686124229911517,0.9890850158021975,0.9610546955844775,0.9864042906763598,0.9677418742021583,0.9859090081797991,0.9429136040836584,0.9796429116562313,0.9643327768347509,0.9828796515330259,0.940739657714259,0.9781221899472008,0.9631235873874092,0.9825128579044274,0.9310293179052667,0.9732059026239646,0.9616040873252154,0.9800632467778233,0.9173892967839048,0.966254218755796,0.9596437092185303,0.9773935458411952
25,False,2,21806, Answer,475.09521484375,322.108642578125,0.8791815638542175,0.14947891896294285,0.9809489916514337,0.9930529163627829,0.9924328322936811,0.9992028298681692,0.9782822906089396,0.992881538668594,0.9699158377326609,0.9989939807744327,0.9720380333175301,0.9901639993891004,0.9695379329394024,0.9974797724095914,0.967580077295052,0.988092473360482,0.969205649172475,0.9958695532286813,0.9673787523149027,0.9880886583032645,0.961047953930406,0.9869000159768353,0.9599904602636999,0.9857377333725721,0.9601702498374419,0.9834141305534044,0.9407856407544114,0.979032497498424,0.956493711039893,0.9798746089744929,0.939584991953362,0.9777325797489329,0.9552100794484648,0.9794901005900567,0.9277222866732294,0.9713674797645647,0.9536977801923684,0.9769828166598916,0.9123992630184411,0.9643599038041766,0.9517493516782839,0.9743726165247509
26,False,2,21806, Answer,469.3831787109375,319.3438720703125,0.8838393688201904,0.15513603993821995,0.9813226477288427,0.9932342894182669,0.994516598922153,0.999108767451132,0.9793302051945187,0.9931207601910664,0.9763321146996167,0.9988947892324364,0.9740626063832054,0.9909562346852506,0.9761376717624932,0.9974615359459049,0.9679283290965004,0.9883124543585432,0.9757061665803302,0.9958886184394905,0.9673820121483887,0.988244300491246,0.9678347154249914,0.986904678484605,0.961414477885871,0.9863197307416834,0.9666584765332085,0.9833171267797151,0.9410988150808247,0.9788954703327629,0.9628675190728541,0.9795997677731691,0.9405532387921998,0.9783311600874403,0.9616184093727494,0.9792500577060873,0.9305797954762491,0.972255385814131,0.9599995536744895,0.9767388374778632,0.9138538780234463,0.9643981386497015,0.9580418778315741,0.9741169747886743
27,True,5,5664, NO,469.72894287109375,304.89892578125,0.939075767993927,-0.08398155764050805,0.9912291254757921,0.9956801656311005,0.9976016466012132,0.9985782707813565,0.9871525820620421,0.9948254488611362,0.9972015473665918,0.9981127437032504,0.9868935989545831,0.9943563794962732,0.9971997434588756,0.9978816802548409,0.9868927513426529,0.9942961339924049,0.9959766997087479,0.9972286137470444,0.9868906435214692,0.9937657790741513,0.9913505171553687,0.9848271481905044,0.9850139389621724,0.9936272574238983,0.9894538393620053,0.9826096158529153,0.9771310311489121,0.992574678950975,0.9833454250086455,0.9715396724373453,0.9768898902844241,0.9925275433529901,0.9823301285051329,0.9697461566523491,0.9746802843683045,0.9924226758490682,0.9809420015965845,0.9678413609248991,0.9728114507755635,0.9916066887198252,0.9767291537950602,0.961934878272203
28,True,2,5664, NO,456.8915710449219,298.193115234375,0.9378976821899414,-0.08482695688695302,0.9915932624353991,0.9957028433993922,0.9972179522644706,0.998513589564749,0.9873382807904919,0.9947691879521275,0.996594575550375,0.9980156819781819,0.9871050728567428,0.9942133457226784,0.9965916596601766,0.9977156616703287,0.9871047363693554,0.9941113694356221,0.9950297062401235,0.9968917087094247,0.9871022328521989,0.9936780339278798,0.99015185356335,0.9840979435573115,0.9860550791489947,0.9935952958785508,0.9881245595831176,0.9817556096795947,0.9767523876014021,0.9924343728680566,0.9813959353482381,0.9705394490827565,0.9761032774431629,0.9923620573990967,0.9804849420802961,0.9688636506449363,0.9743519245977253,0.9921396587356834,0.9788866163964309,0.9668099609183824,0.971441395316708,0.9912264162082675,0.9749118131299459,0.9611689247169889
29,False,5,21806, Answer,462.9081726074219,324.3287658691406,0.8874375224113464,0.13314751087424834,0.9826970244179983,0.9929877296959306,0.993277147626605,0.9990596520368146,0.9779435193382756,0.9922820385901546,0.9731118430532518,0.9987758815870879,0.9750673032043767,0.9913750209685783,0.9728903119183002,0.9969718380544106,0.9664362526506863,0.9872227243942755,0.9724329442334704,0.9950452086505895,0.966221345851014,0.9871741878318447,0.9637641031256702,0.98466030272549,0.9594051043926796,0.9848175458824281,0.9629748518113261,0.9811919362370244,0.9430745106051143,0.978105977260479,0.9591063681510347,0.9772672710508807,0.9370148654736661,0.9746167642828006,0.957610404060344,0.9767779771848297,0.9271614791153604,0.9695642490851838,0.9558279176725646,0.9739719790803636,0.9133752919295406,0.9614705033745741,0.953651440642671,0.9712912352645281
30,False,5,21806, Answer,456.9316101074219,321.51458740234375,0.8881227374076843,0.13616348913323092,0.9824964201912172,0.9930665534068961,0.9934262341829395,0.999111511076083,0.9782500243189207,0.9924939701575434,0.9734832577707572,0.9988452001542922,0.9670539068040945,0.9875549914460958,0.9732477845957845,0.9971697474994569,0.9670416070600133,0.9875549759010946,0.9727873188336933,0.9953336617011092,0.9665894502356476,0.987501481711197,0.9643926384872754,0.9858439376036969,0.9605818535049843,0.9856081117539172,0.9635423512568375,0.982403172790849,0.9410164059631598,0.9782711803622033,0.9596385975976798,0.9786660495084091,0.9384304023794782,0.9759337145335172,0.9582180430687806,0.9782315872257278,0.9301436205072064,0.9708378355840471,0.956484172720126,0.9755576627294377,0.9141188973078878,0.963355164676023,0.9544553315529725,0.9730167876526064
31,False,5,21806, Answer,465.2477111816406,316.0358581542969,0.884172260761261,-0.14104120258009722,0.9831323375243363,0.993636478707875,0.9942962918023859,0.9993599416154508,0.9795782288015932,0.9932679512735656,0.9765264470637429,0.9991467129624251,0.9770353756986531,0.9925370399206378,0.9764070450953283,0.9975758902819182,0.9709393285820007,0.9899390564999957,0.9760725701901072,0.9959925320102873,0.9674650102773733,0.9881304663279645,0.968665637621582,0.9880312269362479,0.9629364735117989,0.9868005006869891,0.9679777518569896,0.9852317390885061,0.9430728655924275,0.9787176753011058,0.9642807261550831,0.9823666607438145,0.9399955706208958,0.977321669453395,0.9628886758815223,0.9819200792802338,0.9276547947355184,0.9706028766460039,0.961184505653815,0.9793003973665099,0.9162001440029207,0.9649799423323792,0.9591279483970324,0.9767039481348023
32,True,2,5664, NO,462.3275146484375,298.25,0.9376492500305176,-0.08514473187579338,0.9916836127262227,0.9959533731797743,0.9975751787421838,0.9985727951726843,0.9874400252788762,0.9950400209141391,0.9970673272106678,0.9981032856723413,0.9872149438837873,0.9944641643698685,0.9970672996030961,0.9978117496114677,0.9871641797306167,0.9944466044860109,0.995686213270185,0.9970779557295365,0.9871617533990579,0.9939254646852907,0.9911377753909604,0.9848209893130617,0.9859489646319147,0.9938233831590477,0.9893475590579005,0.9826720904452515,0.9766513781158278,0.9926498243509538,0.9831102640384947,0.9716713666088875,0.9753185016140253,0.9925261084463323,0.9820719685154867,0.9698581606844484,0.9745720048488838,0.9924090429143886,0.9803886018671748,0.9678239032400573,0.9721936210658827,0.9914685836312843,0.9765396677883462,0.9621394713937627
33,True,2,5664, NO,453.4180603027344,296.83953857421875,0.9437863826751709,-0.08608418455189899,0.9912851464812753,0.9955910113515787,0.9997465712272072,0.9986966502450044,0.9877612643338328,0.9945825745951747,0.9992532307701792,0.9983054963513188,0.987164160695876,0.9939518777126151,0.9990523698001028,0.9980058151417828,0.9871065478110941,0.9938609300370214,0.9982679786011177,0.9974290646889311,0.9868422308198127,0.9932490671193346,0.9935126643681611,0.9861804875885826,0.986230931984529,0.993164120162553,0.9923790037032377,0.9840251859521015,0.978786335860567,0.9918319028235573,0.987326713317131,0.9734504832525052,0.9783214272783461,0.9917354098576594,0.9864162956684304,0.9718282161925602,0.9769704975192692,0.9915132150255682,0.9849025869820309,0.9699515649779645,0.9744057599707474,0.9899275450021375,0.9815149028270739,0.9647489870722755
34,True,2,5664, NO,444.93585205078125,284.55010986328125,0.9398491382598877,-0.085099689815525,0.9890865373088069,0.9944671934363434,0.9992338268469567,0.9990668593497463,0.9852982532336424,0.9929139473363395,0.9952350526271418,0.998859810134136,0.9830213737393487,0.9918726691898893,0.9944339381228879,0.9985623807782998,0.9827951502876879,0.9918535606325143,0.9942684465720106,0.9980829580841105,0.9820418175793392,0.9911749031516545,0.9911953088764678,0.989314158041597,0.9812997588743511,0.9909835059498241,0.9902249553352,0.9874798540630573,0.976484152964917,0.9892186533716864,0.9870394720439964,0.9781819392469668,0.9741013914732684,0.9884614034442959,0.9864028534333763,0.9769424863385594,0.973504302122051,0.9882402750228684,0.9844308267714851,0.975008353309879,0.9705368884508181,0.9864152436922055,0.9819210162891534,0.970285917541997
35,True,2,5664, NO,458.1438293457031,299.7718811035156,0.9395008087158203,-0.08505645171234161,0.9907979383209818,0.9953922569794557,0.9981877438055856,0.9985970028055544,0.9863236181614948,0.9943344248418294,0.9979880019778563,0.9981275614014248,0.9859140918410242,0.9936658154919071,0.9979819024123885,0.9978125043949413,0.9859041699266217,0.9936030161894682,0.9966204351375035,0.9970197361210873,0.9858960329384682,0.9931256952898582,0.9920651967647249,0.9847113531940225,0.9851142172843669,0.9930768915074439,0.9903130516949817,0.9823294042272767,0.9759723062161579,0.991731342138864,0.9844180478106606,0.9715265498258063,0.975299326756592,0.9915934400112306,0.9835370648710088,0.9698861995932418,0.9730765929917662,0.9914577136144757,0.9819088877183375,0.9678216481406888,0.9697737875420452,0.9897824353125865,0.9781735645550885,0.9621784723587415
36,True,5,5664, NO,461.3619079589844,304.4408264160156,0.9436075687408447,-0.08601008211778473,0.9904313020154006,0.995160265414748,0.9999998139672699,0.9985712206802675,0.9870477761908383,0.994155244515801,0.9985754874908864,0.9981504562923581,0.9858945623016654,0.993320210700114,0.9981843938109565,0.9978194738333802,0.985894228408075,0.9933154347503218,0.997575162551125,0.9970842406323489,0.9855730308941693,0.9927198010628489,0.9924228326208689,0.9844897237894339,0.98098562604947,0.9918130410337195,0.9911414431631089,0.9816670585608701,0.9795951199641999,0.9915283967135969,0.9856889463819235,0.9698191449607475,0.9776707679771764,0.9911544324457643,0.98482610021622,0.9681856325733889,0.9771661054389901,0.991033205652931,0.9833059577029918,0.9662520174546834,0.974489533986049,0.9899730912259685,0.9797012783757787,0.9602224255555611
37,True,5,5664, NO,455.20819091796875,297.4457702636719,0.9451681971549988,-0.08391464879635244,0.9892694070885895,0.9943782014673461,0.9999771281870578,0.9988334717926245,0.9854445870684515,0.9931265043718702,0.9989366154563422,0.9984624182495261,0.9847145851729227,0.9925064298857471,0.9986387714482624,0.9981446695229326,0.9844124594693069,0.9922953377461516,0.9980060899930798,0.997492165540444,0.9841347658823435,0.9917685978565797,0.9933847169691944,0.9862407501201504,0.9792548444844097,0.9905929904293861,0.9921654893500845,0.9839313579163648,0.9781594384163815,0.9903522697985329,0.9876647312572836,0.9738027683154834,0.9761953106725024,0.990012922015582,0.9868775237978639,0.9723429052007189,0.9756336524367369,0.9898791142484158,0.9851996618889152,0.9703397756367547,0.9722089218258995,0.9880074749075665,0.9818346949982638,0.9651113777021579
38,False,5,21806, Answer,462.9788818359375,321.1181335449219,0.8901573419570923,0.13577274869417233,0.9834352240064212,0.9934166765388548,0.9950467496298432,0.9992567873318883,0.9781036224593254,0.9925454880928708,0.9787584459160432,0.9989908689686899,0.9771049115305176,0.992231719937548,0.9786864322088867,0.9972947980402772,0.9672166774391378,0.9877488965622641,0.9782069314181733,0.9956425867064977,0.9670460084712351,0.9876903858232029,0.9707038234185507,0.987136711527945,0.9576287256107007,0.9839511411191971,0.9697457764481003,0.9839805000838255,0.9454376076347608,0.9790704904016405,0.965967826965591,0.9807180200674767,0.9395949481457428,0.9765027545055811,0.9645117594825435,0.9802602970731817,0.9290554535022769,0.9710997403484601,0.9627340771156754,0.977626343294128,0.9164583022313244,0.9637209338966829,0.9606601291153968,0.9750949760600589
39,False,5,21806, Answer,474.4651184082031,324.2488708496094,0.8823820352554321,0.13225070293070162,0.9842835507881003,0.9940696818475458,0.9938473207795461,0.999053707301034,0.979328763600394,0.9933181181982248,0.9732400820923545,0.9987549898416511,0.9676532011063997,0.988751846137069,0.9729820000410787,0.9970176821595297,0.9674651936684806,0.9885084616785592,0.9724451565470756,0.9950440739622561,0.9667358699277436,0.9882926362696369,0.962711649053922,0.9843596123141501,0.9596282611776129,0.9858405081904126,0.9617155834019655,0.9809728956545253,0.9407491804689084,0.9790979363324362,0.957752673915121,0.9769867516016042,0.939297761653564,0.9777165701681253,0.9563354475138849,0.9765906400460489,0.9320943571121455,0.9730353165391091,0.9546408633445553,0.9739245882711909,0.9138207366106837,0.9643638039094592,0.9526060397640069,0.9712983125318275
40,False,2,21806, Answer,469.031005859375,317.53936767578125,0.8818809390068054,0.17755968137885006,0.9787388563505827,0.9930236437262921,0.992924133313907,0.9991898896534713,0.9786816727140231,0.992889792714331,0.9719035830076209,0.9989988095270769,0.9762566897720215,0.9921539009978986,0.9716297682363134,0.9974915370125027,0.9703512217030049,0.9895600554769258,0.9713288357084812,0.9958948238290253,0.9664127813071586,0.9873774094557259,0.9639682669090877,0.9871603979373563,0.9565441993857404,0.9846873422232205,0.9631349263545503,0.9836702066910368,0.9405923890126044,0.9784744072687107,0.9594884225144938,0.9801376957871127,0.9394511506123542,0.977134389438545,0.9582530549826994,0.9797368200824287,0.9274553471390676,0.9710553404518909,0.9567171107666621,0.9770496086852816,0.9139541841426676,0.963632424655814,0.9548064464666182,0.9744456411465273
41,False,5,21806, Answer,468.7537536621094,326.425537109375,0.884570837020874,0.12927687863078996,0.983458311223817,0.9934061415391904,0.993883421797564,0.9988728366075083,0.9782479578040653,0.9925518202335658,0.9731258852183302,0.9985086494116812,0.9667471407209796,0.9877552426282705,0.972868243477159,0.9967376442778368,0.9664150338792633,0.9876492753339784,0.972187077409153,0.99467301783062,0.9659275780962434,0.987523122777783,0.9617135999434484,0.9831595525767849,0.9581951529188231,0.9850090188451126,0.9603745422938434,0.9790296047472085,0.9385502230450631,0.9773979254527592,0.9560753724937531,0.9745666934396461,0.9361162171624261,0.9759059872073035,0.9546916800128386,0.9741885976158459,0.9248383049965531,0.9691567986570248,0.9528929156619779,0.971404701271359,0.9049780262333472,0.9596321749608813,0.9508606232582508,0.9687895085948596
42,False,5,21806, Answer,470.7674865722656,325.1858215332031,0.8832693099975586,0.1533378970022801,0.9809159768443853,0.9929104739149414,0.9931577077002812,0.9991537106695494,0.9786368659087552,0.9927531325947264,0.9723959164228467,0.9988728015533237,0.9682156216594159,0.9880343391603597,0.9721832297744881,0.9971012081942308,0.9681408899442348,0.9879691474751306,0.9718110237958878,0.9953484922923301,0.966501783774615,0.9872002174078088,0.9638985166437273,0.9857301804162497,0.9606859486455422,0.9856129895431713,0.9631388433700587,0.9822640494450452,0.9410787113055357,0.9780394452076019,0.9593953818034279,0.9787095248699965,0.9393639440190649,0.976368384457389,0.9580160484341284,0.9782770547924832,0.9240748019124668,0.968503779454755,0.9564128695999202,0.9756238828149293,0.9135319039009953,0.9627305637503408,0.9543526102733068,0.9730575382919708
43,False,5,21806, Answer,467.5404357910156,322.97650146484375,0.8838229775428772,0.13116355318301995,0.9832701230724187,0.9932549943350855,0.9932831156263209,0.9990151068706684,0.9782594242480466,0.9925015548636387,0.971830111500119,0.9986435245969879,0.9658945719273937,0.9871329328720291,0.971611611197875,0.9968147383117127,0.9658927149016241,0.9871315589050299,0.9710559178132114,0.9947592189862512,0.965207952853205,0.9870228292559118,0.9613197287673005,0.9839314998832192,0.9599185787945763,0.9855134197123179,0.9601895214727216,0.979907988403375,0.9394752889764645,0.9769530142660482,0.9562053498143491,0.9759681335673475,0.9367862371094468,0.9755969869168144,0.9548506668197488,0.9755753171534247,0.923053679494179,0.9682669965458343,0.9531240661575495,0.9727335738125447,0.9095457913708499,0.961690931544784,0.9511370893920387,0.9701567592702065
44,False,5,21806, Answer,468.9031066894531,323.3720397949219,0.8815829753875732,0.12968221169428823,0.9827539566270274,0.9931406876126825,0.9932068242176644,0.9989350876123774,0.9776109155339644,0.9923887725722569,0.9710568734856262,0.9986205277536255,0.9649564474305864,0.9871528029548499,0.9706919507800282,0.9968892189126013,0.9649442429166198,0.9871397025419605,0.9701153483381069,0.9948457527569121,0.9640730567872521,0.9870061093208788,0.959722686447485,0.983799658554166,0.9570138483642612,0.9845652902933215,0.9584917805018807,0.9798673790277045,0.9375169968815423,0.977397198258344,0.9539766564242026,0.9753763194556776,0.9332899451840623,0.974498680421866,0.9524852184823799,0.9749473841370095,0.9270170677779259,0.970520416124997,0.9506550731777005,0.9720248100274395,0.9052912876078782,0.9595482897459848,0.9486224599820618,0.9693519867524739
45,True,5,5664, NO,443.265625,296.1501159667969,0.9457593560218811,-0.0865451909102122,0.989744585380942,0.9943329920261837,0.999679059926774,0.9987646187460886,0.9861351745813681,0.9931916862104203,0.9993494058672866,0.99834838704415,0.9852390067869232,0.9921584040553312,0.999177815768269,0.9980337813299507,0.9851733258829675,0.9920906274875645,0.9982777448600347,0.9973500935830888,0.9850080284406217,0.9915959199696652,0.9935376150271293,0.9856767604744003,0.9801306970593437,0.9904577286482197,0.9920212407783254,0.9831176584393448,0.976999702476577,0.9899304275050727,0.9866977775812721,0.9727291942819097,0.9768641704756574,0.9899139794195174,0.9859984704549247,0.9714232238130793,0.9748702008659588,0.9896421348171638,0.9844603991770556,0.9695152856023181,0.9715567079000669,0.9877305415264757,0.9807766537755462,0.9638429372944267
46,True,5,5664, NO,467.9458312988281,307.48193359375,0.9398481845855713,-0.08511730696905707,0.990891053694492,0.99518233986598,0.9975593180992425,0.998604076993011,0.9868059746797901,0.9942475320986113,0.9971925534210969,0.9981210679538406,0.9865243285358828,0.9935822080006776,0.9971919218392561,0.9978589735735244,0.9865241917861498,0.9935162121055336,0.9958464659499071,0.9971743536612546,0.9865224400316943,0.993083961535714,0.9909169611716845,0.9850094123500029,0.9820395241197091,0.9925535706966209,0.9888352142491689,0.9826987193780792,0.9775900070783073,0.9918823175021372,0.9825425944936771,0.9719866851557094,0.97568557468084,0.9916411203774878,0.9815709671292905,0.9702672114217207,0.9737161331524511,0.991551839074026,0.9801727965704585,0.9683571827460412,0.9704288093019934,0.9899203901761855,0.9760817507807799,0.9628361079247711
47,False,2,14080, YES,464.38531494140625,298.0536193847656,0.9433467984199524,0.1622679829242169,0.9913766762256423,0.9975934524564062,0.999952997206986,0.9985747034001983,0.9896945804181974,0.9973053768554047,0.9991763510802638,0.9982888163539795,0.9880639198662678,0.9965164753338998,0.9985022355330254,0.9981854235098495,0.987719267799961,0.996364859242656,0.9981803942205987,0.9977423060660884,0.9876633972406591,0.9963627191869672,0.9937600394466275,0.9861275453535587,0.9871054122912903,0.995816876605559,0.9931802336190665,0.9841505606793369,0.983838216205449,0.995307971862664,0.9866991545719161,0.9711476526535044,0.9830970726717817,0.9951135572542443,0.9855555826413621,0.96910402079599,0.9796767279329021,0.9941220970526536,0.9846153574337553,0.9677758500356812,0.9765535953536657,0.9933322097964724,0.9803688534043039,0.961528688332571
48,True,5,5664, NO,461.13934326171875,303.36199951171875,0.937317430973053,-0.003448645561513579,0.9860950380896757,0.9940392584035393,0.9961968017563013,0.9988406033152003,0.9860843976898955,0.9939213550100886,0.9947655622454997,0.9984075134153465,0.9859211854866814,0.9931920654362858,0.9947455862120305,0.9982112315470922,0.9857734375043248,0.9930173797860142,0.9933849555317876,0.9977196489688316,0.9857710627628572,0.9925945741495154,0.9894851088694215,0.9871751366386298,0.9836977758272978,0.9923653933913437,0.9874551505854444,0.9852841290746474,0.9761207281276616,0.9912251354578017,0.9817657832887481,0.9759054379409968,0.9754728614466366,0.9912001559566804,0.9808495072383133,0.9743766073516129,0.972503545738804,0.9908384985618856,0.979540752918892,0.9726556930746254,0.9685036242223775,0.9892268799480686,0.9749843943064316,0.9668703308135773
49,True,5,5664, NO,464.42828369140625,307.8363342285156,0.9399487972259521,-0.08595761738439028,0.9913871219726889,0.9953563093370449,0.9975853078867508,0.9985056310185882,0.987218562037931,0.994341537155925,0.9972834208354164,0.9979848309578447,0.9869780240697551,0.9937087950518032,0.9972779526705962,0.9977066899041427,0.9869750687102574,0.9936358557556427,0.9957467577407411,0.9969148988794718,0.9869542157999392,0.9931062210455534,0.9902311553946471,0.9837552116255086,0.984551154929966,0.9928235828548134,0.9879121461454478,0.9812387975728843,0.9779846210651933,0.9918148744927395,0.9811979753980644,0.9699981524845225,0.976476565554531,0.9916773209088638,0.980182969861104,0.9682277689724024,0.9733107887900189,0.9914998933369458,0.9788170497484887,0.9662592064980116,0.9707852914122245,0.9903359150923231,0.9745079336689313,0.9603505883330145
50,True,5,5664, NO,462.4056091308594,303.9781188964844,0.9430186152458191,-0.0835914415679864,0.9916153669002151,0.995810550031516,0.9989569247265963,0.9985463552906719,0.9880203017371173,0.9949633933401061,0.9989451355878585,0.9980674194863056,0.9877438339787828,0.9945059419246404,0.9988651028341172,0.9978201999159602,0.9876257634293942,0.9943741063925937,0.9978867793168307,0.9971917224736279,0.9875649163200626,0.9938312404355288,0.9927464498196003,0.9847495598715225,0.9861866278456621,0.9936756672707481,0.9909930141781524,0.982284657674815,0.9787818469884237,0.9925737010626208,0.9850186695484894,0.9706622275519616,0.978652590343789,0.9925501262816318,0.9839737287689901,0.9688033574017701,0.977001437084906,0.9924125741547318,0.9825396532320037,0.966831647056753,0.9741342851945782,0.9911055072894327,0.978228439604388,0.9608408557586465
51,False,5,21806, Answer,462.2049255371094,319.49200439453125,0.8891880512237549,0.1351925869874256,0.983706819106071,0.9934848317852943,0.9947378590129288,0.9992215199303355,0.9794503880547178,0.992884522755431,0.9774142985664921,0.9989557977974589,0.975966664838192,0.9918248161056549,0.9773190321587087,0.9972880677903335,0.9676068865728876,0.9881041979802913,0.9768421095208936,0.9955709132912554,0.9669180810597389,0.9876754574383546,0.9687786574366348,0.98667342070538,0.9603331418173999,0.9852821571339105,0.9678371351985071,0.9834911526042147,0.9421133376138904,0.977828112114611,0.9638729636684791,0.9800529707115238,0.938963294221847,0.9761953214866922,0.9624881107230564,0.979612290647063,0.9285537948836308,0.9707271974569214,0.9606737835510242,0.9769545110594253,0.9126203469572572,0.9618712619735248,0.9586844967287693,0.9744556526382436
52,True,2,5664, NO,455.7735900878906,297.6991271972656,0.9409559369087219,-0.085145923140165,0.9915663714908979,0.995791538769256,0.9985770245416488,0.9985452225770548,0.987433639662083,0.9947841743693535,0.998531825672204,0.9980795869730946,0.9871537655171956,0.994208896540234,0.9985132399428105,0.9977517351378624,0.9871398904530715,0.9942067668214791,0.9972163658043324,0.9969406356481351,0.9870506527238277,0.9935730571860829,0.992153463739777,0.9843236957858501,0.9862026590034235,0.9935112570809279,0.9905012522322088,0.9820228067249667,0.9771558781325683,0.992322721815762,0.984331866833464,0.9706625479053478,0.9768194451677406,0.9923032453406406,0.9833422764036942,0.9689204752414374,0.976056114966364,0.992192309659516,0.9817121651647545,0.9668557542457511,0.9729912421474997,0.9910337460141774,0.9778429205536853,0.9611557557069631
53,False,5,21806, Answer,455.1850891113281,319.9841003417969,0.8888525366783142,0.129260903167615,0.9839531496839335,0.9934469415173633,0.994199405767076,0.9992137908724777,0.9783177685225314,0.9924557937399888,0.9764850306321704,0.9989350384954874,0.9763863975175124,0.9918664803573314,0.9763585261578471,0.9972892372259434,0.9670598312458867,0.9874940631175254,0.9759491546538214,0.9956189436348922,0.9662823982627469,0.9872034751963645,0.9686826771812029,0.9871494131801541,0.9604616412686997,0.9851343139308967,0.9678446083058733,0.9837959297980757,0.9427703771434806,0.9785748689455376,0.9642703283508454,0.9806366466437952,0.9403248424328521,0.976955991563775,0.9628987700383517,0.9801875498587792,0.9290451481861537,0.9705259218135518,0.9610926377836224,0.9775078464929637,0.9151596359966798,0.9639254098632283,0.9590553680042395,0.9749957556601032
54,False,5,21806, Answer,472.3959655761719,321.72216796875,0.8821442127227783,0.13915934920830347,0.9826463938055673,0.9932270250288899,0.9937191911704069,0.9991165167995808,0.9788151390247102,0.9927859354564145,0.9732624688832059,0.9988323767953784,0.9671362635503168,0.9876552093874614,0.973061448097307,0.9971761105101675,0.9670488584375269,0.9875981748703939,0.9726307186420537,0.995347387037991,0.9648691079670232,0.9868620872291614,0.963795668727441,0.9854146639012283,0.9594650571218976,0.9852354579146468,0.9628377099252508,0.9818555569167338,0.9410024854065613,0.9780172266739654,0.9588079137855533,0.9781536402626726,0.9363073015212016,0.9754053754870486,0.9574235872372243,0.9777365894421438,0.9245668086922587,0.9684998470227077,0.955794963974459,0.9750387688642136,0.9086089507491972,0.9609578164500531,0.9538519165132949,0.9725279775090839
55,True,5,5664, NO,469.5574645996094,304.6172790527344,0.9426748752593994,-0.08369686472257802,0.9912990171032936,0.9955046271088178,0.9983652896634293,0.9986835664883139,0.9874022884558422,0.9945265397332502,0.9983075826892693,0.9982261328936092,0.9870869653602008,0.9939317704426456,0.9982759213278385,0.9980004063655039,0.9870817894603332,0.9939201832482506,0.9971676579650774,0.9974268997821857,0.9870545016764795,0.9934307803816298,0.9923574172276965,0.9857033651391685,0.9854816669836445,0.9932767101813269,0.9906920292051771,0.9836879719322824,0.9785075184020529,0.9921832280115249,0.9851065442207521,0.9730998592267193,0.9779350257326954,0.9921628050419165,0.9841280671940627,0.9714167765921178,0.9765131819206616,0.992038080959331,0.9827033059130107,0.9695153003990156,0.9733991204490133,0.9910091481691271,0.9785602784909134,0.9637642223678979
56,True,2,5664, NO,452.525390625,295.8512268066406,0.9419726133346558,-0.08422274508946855,0.990395091196801,0.9953539129447031,0.9994267301817992,0.9986631794793823,0.9862976096374073,0.9943182210215822,0.9993944596051836,0.9982529732070416,0.9856797552710648,0.9937042153133385,0.9993309377301002,0.9979248053773316,0.9855995550233946,0.9936128052746744,0.9985278307783535,0.9972747530764416,0.9854739483992867,0.9929904024219433,0.9944227892393369,0.9858982255279632,0.9845268819863445,0.9929231356674061,0.9931759119997364,0.9835935509306065,0.9764879111770425,0.9915584374862425,0.9877855434397697,0.9727015582972119,0.9756396893973548,0.9914291068441128,0.9867789937674996,0.9709607066601565,0.975213677123784,0.9914002043543154,0.9850653262307133,0.9689381315181493,0.9722174469454424,0.9897023975646178,0.9815249943989277,0.9632021272461039
57,True,5,5664, NO,460.19390869140625,304.89874267578125,0.9413012266159058,-0.08327397215044055,0.9903299034733453,0.99498362205141,0.9982471373686944,0.9987084394631313,0.9862024144972547,0.9940042079259939,0.9980903351019043,0.9982340866909534,0.9857085398863765,0.9931736973951996,0.9980822223686951,0.9979840075722902,0.9856931067033067,0.9931717122176705,0.9969374914601726,0.9973395308309481,0.9856900927835637,0.9927733139419078,0.9926477595842595,0.9857562263326112,0.9798898513560379,0.9916968113413401,0.9908962013071781,0.9834387339101206,0.9762513692897605,0.9913227978834005,0.9851391269057929,0.9730939129235069,0.9757390081734987,0.9912365224784134,0.98428882900392,0.9715127892039138,0.9738449662696038,0.9911119135532912,0.9829058685890664,0.969635806170769,0.9702988149160396,0.9895255625419287,0.9791199235002563,0.9642470246950074
58,True,2,5664, NO,457.7799072265625,298.3953857421875,0.9398481845855713,-0.08593415466993198,0.9908927523373822,0.995438252538108,0.9984090859982386,0.9985425821944146,0.9864636358156904,0.9943858869403053,0.9982576902703281,0.99807188184508,0.9860212896659379,0.9936955720710225,0.9982493994042453,0.9977453250690923,0.9860202901012861,0.9936621340361411,0.9969635542941304,0.9969183382993115,0.986007846263605,0.99318634103647,0.9923975110986626,0.9844882574328695,0.9853007210760751,0.9931419177067579,0.9906974458527507,0.9820721579767607,0.9766213599459692,0.9918729448682714,0.9845358480737617,0.970856832755789,0.9762990499264047,0.9917761421554256,0.9835694455185974,0.9690750847198268,0.9733748819912766,0.9915674621048796,0.9819157029605663,0.9669635555045281,0.971040055124219,0.9905109725864484,0.9782583850025276,0.9613601695632013
59,False,2,21806, Answer,462.8496398925781,315.5247497558594,0.8849193453788757,0.15245082005163857,0.9816665154020182,0.9933027544745158,0.993595808711906,0.9992507677438488,0.9794407790856444,0.993162409355563,0.9744034790875832,0.9990654143336393,0.9691672052306103,0.9886353113908414,0.9741753479411607,0.9975979506748361,0.968024921212913,0.9882513044512068,0.9738128345937533,0.9960338890952488,0.9679456904961541,0.9880937060658019,0.9667441873313579,0.9879281841775052,0.9610241747441088,0.9858911556388027,0.9658880977018705,0.9846319470161126,0.9416581781995829,0.9788844442264848,0.9622118044643877,0.9813287552150981,0.9411989205303928,0.9784682877521971,0.9609475873241616,0.980922435434407,0.9317114319369999,0.9730496531178731,0.9593889168798221,0.9783876424596077,0.9153811890470713,0.9647513162376194,0.9575062091610365,0.9758529889663891
60,True,2,5664, NO,444.9767150878906,295.162109375,0.9435827732086182,-0.08363425965029404,0.9907026372934603,0.9953222010534147,0.9995192052253791,0.9988397966761612,0.9868043911096899,0.9942228012677847,0.9993653521105659,0.9984538025330104,0.9860626522106238,0.9934509012591228,0.9992585270638218,0.9981408263842251,0.9860449884137199,0.9934291589930806,0.9984590252252081,0.9975110409970568,0.9858901972015434,0.9928584861927968,0.9941614631476001,0.9864510068321848,0.9853753952004181,0.9928195880731598,0.9930334905667553,0.984365602927115,0.9772193252457152,0.9912827102041566,0.9882656882319961,0.9745674556964419,0.976459188405122,0.99109333949697,0.9874855735637126,0.973093960096223,0.9755487403685621,0.9910191958541309,0.9857724067053978,0.9711400303843237,0.9730841122639435,0.9894522245056332,0.9825003161735117,0.9659871867116333
61,False,2,5664, NO,491.22186279296875,315.8758239746094,0.9364385604858398,0.05355663171707237,0.9903088571459685,0.9973440445465823,0.9983862073399637,0.9978818484987627,0.9891226355585899,0.9973269137739125,0.9983353973799979,0.9973090113686215,0.987985176023396,0.9970561658627418,0.9980997002027718,0.9970961962508367,0.9878632957150433,0.9969091897412521,0.9968843920784519,0.9962335192623923,0.987788356752367,0.9968242153931469,0.9893542194861081,0.9783883555645405,0.9872606691291723,0.9966275675767923,0.9869955856932551,0.9748705472614468,0.9827363903567186,0.9956197875209241,0.9781917640741855,0.9591810336030208,0.9810901873270169,0.995339453436711,0.9769343979104184,0.9568274870776191,0.9771650425633345,0.99471602491112,0.9758879811088127,0.9549629422028408,0.9745529709865226,0.9939694048768237,0.970148598129625,0.9468234316120331
62,True,2,5664, NO,465.8065490722656,299.62994384765625,0.9399303793907166,-0.08458030413125832,0.9895797923410844,0.9952939723803657,0.9996819066000032,0.9989488953166824,0.9846804549548706,0.9940302875184052,0.9996601517499525,0.9986556008809162,0.9837597265227265,0.9933718679656446,0.9995417760860731,0.99843279636728,0.9834291857965644,0.9932570188166202,0.9990671568484865,0.9979214895546965,0.9833659141445888,0.9927498140628727,0.996572476043228,0.9885497052614496,0.9817720932221948,0.9926085654647747,0.9958813713119004,0.9867740911582675,0.9738009362111762,0.9909792062470643,0.9918126800609544,0.9774323403333548,0.9734701683378589,0.9909026721791285,0.9910994397037693,0.9759416136237253,0.972234055339583,0.9907988756340986,0.9893533672608319,0.9740560490151904,0.9690003897873192,0.9892216244002001,0.9863943006382169,0.9690292077141088
63,False,2,21806, Answer,471.0234680175781,313.4022216796875,0.8772228360176086,-0.17418194392198583,0.9793457932927405,0.9933372494931609,0.9939810959864069,0.99923123440633,0.9790965092644031,0.9932750335122357,0.9749602501335517,0.9990355934792944,0.976703475766433,0.9926671699484524,0.9747447651880362,0.9975801811618681,0.9710887693528443,0.990365656831953,0.9743715502204313,0.9960491315105745,0.9669751572778079,0.9883052464835379,0.9670375741508783,0.9879025626351131,0.9558579966249282,0.9853386547560196,0.9659884235739599,0.9845183273395822,0.9408727323886807,0.9794558119962574,0.962380668675424,0.981153644578518,0.9384965550477941,0.9776184930158781,0.9611095622204371,0.9807622770841227,0.926921921200306,0.9717967938665538,0.9596005115578219,0.978134352031016,0.9153975089624085,0.9659342079286233,0.9575987460654558,0.9754772779915256
64,True,2,5664, NO,459.5463562011719,300.68304443359375,0.9374474287033081,-0.08137871817245354,0.9911616740365267,0.9956011914174004,0.9972421163763734,0.998505155909571,0.9873219755640917,0.9948030542807232,0.9966489053734419,0.9980033974123501,0.9870857787776401,0.9942889460214236,0.9966479818740244,0.9976623494785357,0.9870850994885394,0.994162723212953,0.9951328014471138,0.9968826194405692,0.9870833754975505,0.9936176399201793,0.9900717791692636,0.9839066460655849,0.9859073875976637,0.9935375084494567,0.9880352772726096,0.9815787189418713,0.9763766116611814,0.9923524796697346,0.9814080389237627,0.9705116982196285,0.9753451951229393,0.9921710866805284,0.9804419294689464,0.9687557989533618,0.9737286310549056,0.9920523514464586,0.9787812440882753,0.9666504119643857,0.9705674808258107,0.9905790342384324,0.9747358858174365,0.9608445891187363
65,True,5,5664, NO,457.3795471191406,296.5013427734375,0.945166826248169,-0.08314443145742034,0.9907872746863264,0.9953859134878383,0.9998975932429235,0.9987706960549338,0.987365227302129,0.9944175242311618,0.9992668591757629,0.9984109063608629,0.9867790413006428,0.9938860697106207,0.9990288871742973,0.9981630958020633,0.9866904582625202,0.9938232426009491,0.9984142338931206,0.997559060132237,0.9864324260946024,0.9932277603003671,0.9942944474277823,0.9869074749510938,0.984270567590103,0.9929522226658379,0.993242720554747,0.9848812303866136,0.9798699030985755,0.9919577594036895,0.9886716866144981,0.9745212132020028,0.9793796696062237,0.9918815391935294,0.9877861607026879,0.972908607945717,0.9783298243235311,0.9917598615477494,0.9861642325201433,0.9710208678162878,0.9763397878657614,0.9909613467513599,0.9826692423885214,0.9655726405165573
66,False,5,21806, Answer,466.4897155761719,324.57073974609375,0.8835946321487427,0.12984515733683638,0.9834265821596584,0.9936420609396007,0.9932943060154241,0.9990720845732337,0.9782729757867306,0.9928568725646975,0.9720391153834368,0.9987950685348929,0.968157877882741,0.9884714051727567,0.9717209267670021,0.997152024720758,0.9677055098140933,0.988328054435476,0.9712466726862894,0.9953147378730328,0.9676976679727799,0.988327988778898,0.962372515395018,0.9854209884866709,0.9587435424482699,0.985370928837344,0.9615449135294772,0.9820141323377606,0.9415668772759738,0.9783807819347808,0.9577434036495427,0.9781159889312022,0.936543860826449,0.9759877475717644,0.9562805993086833,0.9776937649144591,0.9323500215796793,0.9729619809458284,0.9546493091371763,0.9751611993012114,0.9098246161490479,0.9617707788824588,0.9525720796464467,0.9726164537469908
67,False,2,21806, Answer,470.3178405761719,317.82037353515625,0.877100944519043,-0.18523742673388235,0.9791176027417532,0.9937633304061555,0.9925581421824963,0.9992081572870827,0.978981607980957,0.9932081350629633,0.9697480434116483,0.999011709929099,0.9685182891778689,0.9883544260972388,0.9694030685133063,0.9975878700552268,0.9685067017390253,0.9883534161140463,0.9691219560436293,0.9960768372042558,0.9675155697712837,0.988147920535133,0.9610727684693704,0.9871695718583232,0.9593553684488949,0.9855507653243282,0.9601402364340018,0.9833704829096155,0.9405690673061984,0.978489710409241,0.9566072839587296,0.9799751029022282,0.9404365044834921,0.9780767529030155,0.9554291160641174,0.9796532124376532,0.9283272441871177,0.9719139595231596,0.9539824417750392,0.9771267704967463,0.9124735021278426,0.9638928652454131,0.9520750192052241,0.9744634960604763
68,False,5,21806, Answer,461.34906005859375,317.678466796875,0.8863147497177124,0.1318098218357208,0.982890195876986,0.9932588620579078,0.9941949573844857,0.999355511943972,0.9763048269594723,0.9921162737645312,0.9767314310169737,0.9991326529318189,0.9762711306780243,0.9920707712750261,0.9766303320091527,0.9975210367286522,0.9668517586292876,0.9877224020760246,0.9763579534028175,0.9960887943378154,0.9659947494285163,0.9872669913308852,0.9699139317004223,0.9887967998671754,0.9543407450171686,0.9831052688306816,0.9692068142132775,0.9858906389649411,0.9426662535483318,0.9789588701236004,0.9656483906045047,0.983008191593957,0.9393040567987314,0.9768044815474801,0.9642231240850655,0.9825078308103415,0.9261510728220951,0.970173666240846,0.9624609275864175,0.9798623026458495,0.9171244458492276,0.9648763991775823,0.9602873684516737,0.9772080639780152
69,False,2,21806, Answer,478.0154724121094,320.5415954589844,0.8757293820381165,0.13995282802762368,0.9818737859418174,0.9932666732878178,0.9916868165927384,0.99921694859143,0.9779882947982717,0.9929098078424379,0.9677742002322246,0.9990222565729658,0.9735695157555148,0.9910230538193536,0.9673349383189517,0.997554650513701,0.9677825063314702,0.9880819637614382,0.967032561405814,0.9959151593333024,0.966471442499658,0.9876902229471334,0.9589719666645377,0.9870027623339498,0.9593960765735958,0.9855879185093462,0.9581772266191684,0.9833302865376209,0.9404237618502967,0.9788077492237364,0.9545735842746335,0.9799560687781316,0.9403629535736001,0.978165017999346,0.9532699794154618,0.9795578768435028,0.928077706591968,0.9715644984941113,0.9518194887016789,0.9770156016260276,0.909123108644619,0.9630668517716827,0.9498340492840878,0.9743289654635955
70,True,2,5664, NO,455.0431213378906,297.546142578125,0.9411342740058899,-0.08518886606578703,0.9900806652083269,0.9952368092490252,0.999330783088291,0.9987013367510027,0.9855305357028782,0.9940844069364251,0.9993277829730904,0.9982946821191709,0.9848465260545826,0.9934458992269092,0.9992688685593943,0.998001768554095,0.9846985590863666,0.9933200797990037,0.9985070836799247,0.9973523549324855,0.9846431128900999,0.9927956517524132,0.994925737995813,0.9863335577345241,0.9836432643451607,0.9927155484483206,0.993803275020726,0.9841289144640226,0.9759179268503996,0.9914570410885337,0.9886470291472399,0.9734297248141898,0.9746225151043044,0.9911417986964597,0.9878305064950615,0.9718541644823748,0.9731898199328393,0.9910269102957776,0.9862676402387652,0.9699059576393981,0.9697666951702849,0.9893311887037617,0.9828840922561373,0.9642860351552109
71,True,2,5664, NO,454.8948974609375,297.78369140625,0.9425798654556274,-0.08532366994811735,0.990698391455321,0.995462005913154,0.9994682962161617,0.9986351651196739,0.9863627208404826,0.9942995331394657,0.9994323230497464,0.9982411831874829,0.9856031104047313,0.9935145728760404,0.9993458822617348,0.9979244658593136,0.9855916832053886,0.9935033641017132,0.9984558222860461,0.9972126953859174,0.9854813475343316,0.9929174947824358,0.9944902047438641,0.9859374753779202,0.9847662976385664,0.9928493741241955,0.993296528789772,0.9837275110710809,0.9769080685856928,0.991527016941616,0.9876968553007967,0.9726138478894996,0.9760894774128723,0.9913682870332247,0.9867455155871528,0.9709067830035194,0.9745246062677535,0.9911599402345957,0.9848872753508338,0.9688022441347865,0.9718769539869206,0.9896198335129204,0.9815242737866786,0.9632555093699794
72,True,2,5664, NO,455.2778625488281,295.5486145019531,0.9388761520385742,0.08507987135297031,0.9923721827635564,0.9962159035042921,0.9976775526637514,0.9985968759499922,0.9883052966146749,0.9952836885875479,0.9972649563518966,0.9981612826242059,0.9880907721146661,0.9947666887193073,0.9972647549302961,0.9978712602314609,0.9880691185050786,0.994748620737304,0.9959344827827986,0.9971233832564198,0.9880628744528779,0.9942279589743014,0.9913005561078131,0.9852012662111059,0.9868540608696584,0.9941323089831516,0.9895451454955783,0.9831280647597158,0.9782269436756228,0.9930199262556537,0.9832857353386114,0.9722448277719424,0.9768621986693722,0.9928581615387153,0.9822106285285875,0.9704213944424317,0.9764570004500006,0.9928084574600525,0.980463816612712,0.9683042302735742,0.9743605622480197,0.9922990370596068,0.9765078160429095,0.9627208538149801
73,False,2,21806, Answer,467.0342712402344,316.6287536621094,0.8831152319908142,0.14833252986731055,0.9819306052616107,0.9933410015566888,0.9936710912046292,0.9993038146601616,0.9790692093633768,0.993099608419196,0.9745694462638148,0.99914835772738,0.9765605708767493,0.9923933638839385,0.974313855256374,0.9978295926053626,0.9690973922198842,0.9890288555826339,0.974047391328024,0.9964644635215492,0.9679541891781488,0.9883484425006499,0.9671751353905887,0.9888543335789679,0.9571611070577605,0.9853538120594661,0.96631898742284,0.9856323642635185,0.94306464102319,0.979957542296671,0.9629061506787245,0.9825806728120853,0.9408861609904081,0.9784837503100134,0.9616824965309823,0.9822072129027208,0.9302779758077862,0.9729246266933556,0.9601954008132442,0.9797903097435251,0.9172154616660139,0.9665788863499274,0.9581853513331468,0.9770748229222393
74,False,5,21806, Answer,467.8874816894531,321.5009765625,0.8858948945999146,0.1327918141992248,0.983962291967987,0.9938596886100299,0.9932936136504634,0.9993031269862078,0.978692089615758,0.9930601518869667,0.9732595886098006,0.9990832114208665,0.976828790008628,0.9925411777417134,0.9730136036109366,0.997495480308437,0.9677727530113935,0.9884022052349404,0.9726736319547284,0.9958318338973543,0.9670896971243438,0.9881396269516998,0.9648133887204754,0.987685676382459,0.9618170719811572,0.986284898378471,0.9640561004538828,0.9847764727194668,0.9430395166689984,0.9794379973141469,0.9602306237402783,0.9814743493778685,0.9406329503720052,0.9776876792012855,0.9587507553780625,0.9810172733623966,0.930600192360429,0.9720515295599034,0.9570513803295683,0.9784787019105503,0.9143871779314999,0.9645927862752747,0.9549940385874888,0.975863606226336
75,True,5,5664, NO,456.6085205078125,286.5418395996094,0.9420145750045776,-0.08415272310545702,0.9893500631685065,0.9946017133870398,0.9994715748219574,0.9990727846661762,0.9860949645603088,0.9933530833296406,0.9955497875530663,0.9988605881526414,0.9852012205932834,0.9928564400104196,0.9946423204379994,0.9986879625232659,0.984872896546245,0.9927971443702643,0.9944945307469961,0.9983303740593471,0.983896153945196,0.9920816456873016,0.9911895998541782,0.9897804290238424,0.9825575090328998,0.9917676267055127,0.9903506676968606,0.9881469208797082,0.978916882095455,0.9905231056160734,0.9871569885271613,0.9789150037881594,0.9778933486874772,0.9902631598777517,0.986280205741253,0.9774291604538694,0.9773088309227109,0.990129863627709,0.984630099803075,0.9757868165009173,0.9750606401042454,0.9886189974885221,0.9816669623104913,0.9710406639981164
76,False,2,21806, Answer,453.74761962890625,315.3048400878906,0.8878264427185059,0.14196383671470136,0.9827880605008218,0.9936548011679786,0.9945997244203774,0.9994698466971148,0.9792505669295698,0.9932908787861254,0.9781366673603217,0.9993324327175658,0.977165358421113,0.9927490498636107,0.9779776020566533,0.9980801461137715,0.971507102612372,0.9903515730886527,0.9776425865149235,0.9968053545948805,0.9677085580193777,0.9884189085672145,0.9716131190276783,0.9906192979430128,0.9580728555013205,0.9859399669489042,0.970761292718353,0.9878949541336471,0.943962646208098,0.9802810199859242,0.967338379771205,0.985229963768567,0.9423658395059525,0.9792661749090618,0.9659891805873302,0.9847832910535427,0.9323672406114943,0.973984519540595,0.964387911635898,0.9824135350601746,0.9216093972276375,0.9687307594265477,0.9622686055385076,0.9796442337168366
77,True,2,5664, NO,448.6865539550781,290.5557861328125,0.9433340430259705,-0.08563297599556971,0.9909962653350924,0.9955801779659448,0.9998301976144022,0.9986653697571588,0.9875643655892176,0.9946547485543253,0.9994525619860594,0.9983026724344405,0.9869418674750761,0.9940705631142643,0.9992492751226705,0.997987636800796,0.9868821129422112,0.9940237336752262,0.9985463684856336,0.9973450539116457,0.9866792001990091,0.9934303233759136,0.9942264043664459,0.9858800859991447,0.9857426390019896,0.9933260127999904,0.993138300565046,0.9836707527747247,0.9793420277734447,0.9921129044330065,0.9879188805815744,0.9726248869465218,0.9784802377464273,0.9919895013659563,0.9869488860677567,0.9709079177271257,0.9773561801760327,0.9918431500280565,0.9851350274192766,0.9688803703338397,0.9747383202881693,0.9902420681695163,0.9817919374818519,0.9631920817532785
78,True,5,5664, NO,452.16802978515625,298.0755310058594,0.9437881112098694,-0.08035471575383459,0.9897608186445369,0.9948870298432095,0.9994230031243485,0.9988175682393893,0.9861172114647688,0.9939507451970816,0.9993997507473702,0.9984377563954127,0.9853656584453326,0.9932098265567091,0.9993098247471947,0.9982021030045247,0.9853172869271934,0.9931505455384155,0.9985550091533005,0.9976619616536155,0.9852234201383407,0.9926410935065,0.9948627528199354,0.9873045946772139,0.9817030469465955,0.9918931567280541,0.9935834003644916,0.985062686363902,0.977150875132083,0.9911634894227748,0.9885331394395677,0.9749458866778322,0.976161514758545,0.9910157405184171,0.9876207427355677,0.9733460180508396,0.9750038717566519,0.9909181718299285,0.9860440599961087,0.9714346822516295,0.9717311190231916,0.9892506390566996,0.982401592092865,0.9659408674944566
79,False,5,21806, Answer,461.6842956542969,321.5086975097656,0.8830989599227905,0.14525420236266257,0.9812234767037507,0.9929265931055667,0.9933930531561285,0.9991283972072735,0.9778412671003542,0.9925854693217269,0.9736219110809824,0.9988924464848522,0.9677847592242331,0.9882352433298693,0.9733974299803145,0.997179899795084,0.966868901635246,0.9877838343384681,0.9729909338758561,0.995378811543027,0.9664561030852654,0.9877473554677844,0.9652326573254791,0.986006118161797,0.9586146475785372,0.9849631191174569,0.9644657492123913,0.982824916739094,0.942649417698643,0.9785894801840089,0.9606552939913605,0.9790152045950775,0.9362373769508849,0.9750100148294253,0.959119582740487,0.9785142798424878,0.9228579813959992,0.9678710205034731,0.9574986003254641,0.9758314887927655,0.9110330181169273,0.9612779934890892,0.9552382731814906,0.9731400048655382
80,True,5,5664, NO,451.72650146484375,291.7509765625,0.9430918097496033,-0.08477670186481458,0.9893875043852105,0.9947977938370066,0.999876571269594,0.9990043606624609,0.985947474323256,0.993690791991125,0.9977675571914242,0.9987216809907598,0.9849092846857433,0.9930666853436184,0.9971676158277215,0.9984935308909723,0.9844590270905662,0.9929567923419004,0.9968632128803459,0.997993552899901,0.9839312646305701,0.992323020976574,0.9937755067340044,0.9888976430649605,0.9834042336026397,0.9922309420796889,0.992848020549552,0.9869669897996429,0.9782599190996507,0.9908669177815936,0.9892858554630207,0.9774498596976019,0.9771895625907008,0.990657341277529,0.9884922738936464,0.9759890995286269,0.9760854746237637,0.9903389429277516,0.9867203394400714,0.974112346374664,0.9727487064281785,0.9884464793944883,0.9835116868301634,0.9689039719591902
81,True,2,5664, NO,452.60760498046875,288.2949523925781,0.9426311254501343,-0.08694984091843252,0.9898916915861834,0.9950929882039843,0.9999951356553324,0.9987618893906101,0.9862081570703483,0.9939799615423361,0.9987812189324046,0.9984362828319405,0.9852190422851216,0.9933102622960344,0.9984341202595429,0.99809734489134,0.984909915810029,0.9931913401535963,0.9979756490713679,0.9974728479073183,0.9846123546123342,0.9926354367918507,0.9942064620747785,0.9869653781509721,0.9839587011593623,0.9925565802554498,0.9933145438165404,0.984697964518681,0.9768240925801633,0.9909753476927379,0.9887536405451683,0.9740060707775017,0.9765244788020405,0.9909204734563084,0.9878341741612084,0.972322948855333,0.9757853452785483,0.9908205036514688,0.9860255587983234,0.9703472004759659,0.9730025493479018,0.9890869638560443,0.9829223911579575,0.964957895429151
82,True,2,5664, NO,453.8333740234375,296.6072692871094,0.9415698647499084,-0.08446899098641131,0.9912026890850254,0.9957529954712544,0.9989977551330843,0.9986336471631703,0.9872029422572041,0.994800559386192,0.9989916930574031,0.9982222938071212,0.986757991850484,0.9942470667767876,0.998951263386106,0.9979469486902115,0.9867361359079647,0.9941986947357669,0.9979617131569696,0.9972745784491054,0.9866851400296249,0.9936290833849503,0.9938827030091405,0.9857429562233178,0.9844407940030772,0.993370638611401,0.9925996681936132,0.9836333259822595,0.9778222332699636,0.9923175698259922,0.987025294161432,0.972572085709646,0.9764000702011992,0.9921586223948825,0.9861187523214361,0.9708747926887762,0.975653255937809,0.9920768950390629,0.984437061150676,0.9688855146068607,0.9741539844397147,0.991343769379995,0.980885082402834,0.9632487219040269
83,False,2,14080, YES,465.9220275878906,304.0998840332031,0.9421168565750122,0.1563001193964248,0.9896106909294582,0.9975274948476277,0.9991420567452572,0.9981587680120003,0.989421335060726,0.9975274835997238,0.9991110688453486,0.9977733364242792,0.9887784947707204,0.9970496862352191,0.9987922323439136,0.9976352214696738,0.9887063557355639,0.9969600361465362,0.9979925094169986,0.9969522628870542,0.9886971443272203,0.9969407053643534,0.9918518321766868,0.9822787625487556,0.9885176048260493,0.9964572609441357,0.9905344387076065,0.9798043074658936,0.9858643812274437,0.996245598111424,0.9820755205781444,0.9649702406832531,0.9836228959248301,0.9959850798455298,0.9806891891866318,0.9626107220611636,0.9815387595743189,0.9955888513158557,0.979804670070163,0.961122833358268,0.977946953733142,0.9946022952397429,0.9748255743816167,0.9541224414471814
84,True,2,5664, NO,445.80914306640625,290.7064208984375,0.9441626071929932,-0.08641640214064875,0.9900680656549512,0.9949824460626152,0.9999954997805632,0.9988761496383184,0.9863604359847,0.993753850811576,0.9986379806026336,0.9985761688738102,0.9850521197248562,0.9929607558636322,0.9982135356881763,0.9983189384419746,0.9848898617763318,0.9927909055011379,0.9977679755719537,0.9977837589270275,0.9845107225212302,0.9921918925217863,0.993980698236508,0.9877886593295128,0.9841252285663521,0.9921005070278973,0.9931103314733801,0.985854149894897,0.9779217300694409,0.9907114543151541,0.9889021720951633,0.9759090421123773,0.9764909021739375,0.9903055040398208,0.9880573810881504,0.974420670058302,0.9756301471720361,0.9901552365496228,0.9864130084260562,0.9725852678267316,0.9729501740964963,0.9884767603971225,0.9835236675151239,0.9675977896933844
85,True,5,5664, NO,463.07037353515625,306.4524841308594,0.9419679045677185,0.0839829667584473,0.9915162972638141,0.9955656165172492,0.9983975007685529,0.9984792080216536,0.9877664670621364,0.9946592909388792,0.9983655932527109,0.9979813592476597,0.9876276581619253,0.9941144370430489,0.9983286430618898,0.9976997656398879,0.9875389072545102,0.9940758122370419,0.9970091961661148,0.9969769213631875,0.9874673395128615,0.9935075121842634,0.991132839587935,0.9838186976735107,0.9830209504297157,0.9929582660805075,0.9890322620871751,0.9812874473204198,0.9785944554534859,0.9923569232861705,0.9824745225084583,0.9698501449845891,0.9778057942799432,0.9923189419926625,0.9813883352493972,0.9680247584221637,0.97651287273862,0.9922230965046475,0.9799923804429924,0.96607122140158,0.9738147408885207,0.990826806600054,0.9755411924191131,0.9600524560532686
86,True,5,5664, NO,464.6836242675781,301.36151123046875,0.9383248686790466,0.0714047218332256,0.9896550331926737,0.9949722256425646,0.99717002733517,0.9988057326254499,0.986004593044918,0.9942173824009274,0.9964183161730157,0.9983669100533288,0.9857076023801412,0.9936174968934051,0.9964125847329532,0.9981572124518896,0.9857072559750796,0.9935804925993221,0.9952425562237911,0.9976120826754051,0.9856977492879924,0.9930291094964699,0.991544992879548,0.9868358336332202,0.9837042782666685,0.9928871193051452,0.989806074660882,0.9848740411458317,0.9762048216135432,0.9917183497961438,0.9844743114999123,0.975140756790803,0.9745031301139142,0.991664239345086,0.983613092383823,0.9735209580450656,0.9737783652962712,0.9915796820415241,0.9821886142249853,0.9717194360475975,0.9712841957919195,0.9901528276408739,0.9782221986113743,0.9664102117894049
87,False,5,21806, Answer,478.1915588378906,327.172607421875,0.8795719742774963,0.13911684991974788,0.981403640837523,0.9927777094270288,0.9923795322903413,0.9990025126974972,0.977132456478624,0.9922778283829442,0.9700879976744371,0.9987289640755401,0.9738813224639647,0.9909808977284117,0.9697572502559489,0.9969509092216544,0.9652849233649103,0.9871504133021766,0.9693469885222243,0.9949443764809258,0.9651552240856618,0.9871498195077679,0.960634805971817,0.9844811420333631,0.9599773830317845,0.9855886311565186,0.959850175647132,0.9809019432754844,0.9393005417548038,0.9772483611573094,0.9558746583445262,0.9768315802717232,0.9351845379323619,0.9744587434020995,0.9544992923959312,0.9764087148323822,0.9192624180166606,0.966624591326816,0.9528963145923746,0.9736179368575817,0.9090476844732879,0.9611140027224602,0.9507608179212559,0.9709263623926861
88,False,2,14080, YES,495.3570251464844,319.8889465332031,0.9388826489448547,0.13455788538999588,0.9907425801631797,0.9980471905415532,0.9981017488719295,0.9978385872949255,0.9898747545905827,0.9980120770717179,0.9980579718394174,0.9972861919637046,0.989556066357324,0.9976752471236365,0.9978913307338466,0.99708756969298,0.989554935218877,0.9976474646369113,0.996696055431913,0.9962448753749105,0.9895302961890368,0.997646680235266,0.9886585823157823,0.978421869323885,0.9892470173924636,0.9974911819528214,0.9863973589492536,0.9753012800534954,0.985786607012911,0.9969003603893549,0.9764064952881557,0.9588114097123558,0.984139207729738,0.9967617298564868,0.9748439724331959,0.9562131580800965,0.9806189440017514,0.9962302890209043,0.9739594427954099,0.9545076203247775,0.9785040616829742,0.9954869594553272,0.9682045939192366,0.946685354721504
89,False,2,21806, Answer,469.26483154296875,318.31439208984375,0.883696436882019,0.1898515840695333,0.9797545983152804,0.9939431374619494,0.9937252008678488,0.9991706725293215,0.9790482716239659,0.9930004098428681,0.9737181264928697,0.9990010118885677,0.9677810309118555,0.9879411193904727,0.9734364441985988,0.9976726385684659,0.9677325302532469,0.9879177091995801,0.97311605941153,0.9961339007314864,0.9668575268304326,0.987746322437433,0.9649371980526145,0.9869293862797349,0.9591672588942352,0.9851334239765381,0.9638945193728712,0.9832658906551194,0.9398655127182006,0.9779205259114705,0.9603609158615306,0.979860700926572,0.9363399311271304,0.9753710031814713,0.9591539678166964,0.9795191674415992,0.9277575505872171,0.9711851565430639,0.9576616229758207,0.9769382185702475,0.9110023967641776,0.9629949815640145,0.9556218792016038,0.9741421607227423
90,True,5,5664, NO,455.47564697265625,296.76983642578125,0.9440692663192749,0.08535579855653702,0.9903076231704092,0.9951059711882075,0.9995151280293043,0.9988243262721872,0.9863685189506769,0.9940263587124891,0.9994253043474781,0.9984462274432389,0.9857998105585694,0.9934696176405392,0.9992952006184047,0.9982247638085019,0.9857005029155249,0.9933659063295087,0.9985730985016223,0.9976696524719396,0.9855194661191075,0.9927336734071258,0.9948212508370886,0.9871027528546525,0.9840347944505136,0.992533613738085,0.9936871984052829,0.9851493659956236,0.9775411808772505,0.9911951630606122,0.9889883678016747,0.9750112867477982,0.9767200491526004,0.9910977663088654,0.9881199104882555,0.9733890480863315,0.9747095679034368,0.9908889453186513,0.9865657984689975,0.9715071462860697,0.9721544552299317,0.9898021524494099,0.9830004599952269,0.9660220089498934
91,True,5,5664, NO,457.3006286621094,294.86077880859375,0.9428553581237793,-0.08474866696692698,0.9910854648606853,0.9955020646422386,0.9988915425254068,0.9987705647521877,0.987273007516217,0.9945553108187725,0.9988677380815801,0.9983735595875689,0.9868494818867135,0.9939266397977696,0.9988253330039552,0.9981236524738345,0.98680762519961,0.9938955252035521,0.997863889544857,0.9974986779827928,0.9867385360736102,0.9933627580783366,0.9939705718226187,0.9868192737484266,0.9840391103909326,0.9930619212046644,0.992554322241649,0.9847823449007405,0.9783598834256672,0.9920990979135217,0.9873106640593438,0.974505074220786,0.9780952811433021,0.9920759716922398,0.986306202943435,0.9727850447300703,0.9765635026223572,0.9919133674319847,0.9847070092250633,0.9708611759473721,0.9737008412156498,0.9907770545420084,0.9807757941557035,0.9651252271124041
92,True,5,5664, NO,453.3439025878906,292.74517822265625,0.9434751272201538,-0.08269030483517194,0.9908181115459699,0.9955422143107004,0.9993895612037539,0.9987802994180353,0.9869925869357492,0.9945735357805291,0.99937545516943,0.9984014199360426,0.9862940440750574,0.9938681410341087,0.9992947929443354,0.9981498755455384,0.986269429029268,0.9938464861127814,0.9985251542580266,0.9975659550362214,0.9861538937880666,0.9932737826511767,0.994792238079249,0.9868348957433374,0.9848541527336245,0.9932105050083904,0.9936009092264917,0.9848026117966889,0.9789715846961675,0.9919004609954492,0.9888579326673778,0.9746003955272673,0.9778946588969589,0.9917383756442486,0.9878903840829014,0.9728945826001673,0.9766469256156142,0.991631023669926,0.9863360089935779,0.9710176128442042,0.9732133391962197,0.9904030075278306,0.9825743722278606,0.9652624460711681
93,False,2,21806, Answer,474.64154052734375,321.49200439453125,0.8762893080711365,-0.146880658002879,0.9812780468364165,0.9931661731801591,0.9916001614890382,0.9991379893037177,0.9781575378890395,0.9929104497987972,0.9669197336555846,0.998911813686951,0.9675807618745769,0.9879002254717076,0.9664912905533771,0.9973332150707634,0.9675646784181501,0.9878951899312634,0.9661340558483104,0.9955746390852223,0.9667820318683169,0.9877719080211889,0.9575603881992095,0.986088734966791,0.9584271485743373,0.9850948677840952,0.9566499858532725,0.9821841874910784,0.9389627512472172,0.9776747743171516,0.9529521636847605,0.9784636365896773,0.9359809794503985,0.9756849326164442,0.9516754161393278,0.9780927715586928,0.9265037998460628,0.9713906102687881,0.9502310159139771,0.9755401427351179,0.9126744859709315,0.9644548963247832,0.9483623909193422,0.9728981308749247
94,True,5,5664, NO,459.02032470703125,300.3432922363281,0.9451157450675964,-0.0847081015906874,0.9909813202867905,0.9953943522697822,0.9997280450398768,0.9987626382552183,0.9873594126199647,0.9943416467624813,0.9993069366338841,0.9983946348776037,0.9867424968156185,0.9937344371257782,0.9991072309808143,0.9981539239327648,0.9866722417222626,0.9936574702950494,0.9984758295853468,0.9976828593346645,0.9864534378531554,0.9930662042249163,0.9940321957986936,0.9870977263743193,0.9850523696712034,0.9928498316734888,0.9927988804635964,0.9849919659229543,0.9790295847926866,0.9917274740955817,0.9877494875096559,0.9743828526623464,0.9776230815950677,0.9914858676052781,0.9867008313884684,0.9726476784210156,0.9770056347525665,0.991384976220411,0.9851795920255864,0.9707855229336085,0.9746824933335158,0.9899362922055148,0.9812135034271475,0.9651580620633297
95,False,5,21806, Answer,466.40667724609375,323.315185546875,0.8874362707138062,-0.15611451060725695,0.9808263154051017,0.992791313360019,0.9944865847449618,0.9991605237281447,0.9787825285285063,0.9926452775688314,0.9765825573844678,0.9988683313388688,0.9748429479706141,0.9914009071569345,0.9764643226150782,0.9971032547218565,0.9673646228923957,0.9880417381359813,0.9759821650031976,0.9953212086321096,0.9667913493240009,0.9876612025545769,0.9682243362008746,0.9859168523737305,0.9614322518129742,0.9859890456530486,0.9673348339319485,0.9825658870436136,0.9415630067452836,0.9777644861745258,0.9636412383018245,0.9790316439755025,0.9385178253096205,0.9760805098404762,0.9622863665845871,0.9786127516461578,0.927085402395188,0.969951931452435,0.9606605479330498,0.9759735033807473,0.9141193593691284,0.9622881810043885,0.9585721865140535,0.973427878753199
96,True,2,5664, NO,448.96319580078125,289.7803039550781,0.9420894384384155,-0.08661681499566018,0.9906401360439124,0.9955381739094326,0.9998737951755134,0.998768657062058,0.9869037112703891,0.9945218607230384,0.9994274285558826,0.9984033990437499,0.9861094910200345,0.9938767191109614,0.9992284405182592,0.9980842684302125,0.9858928104181852,0.9937685518704307,0.9986272548126742,0.9975067394735663,0.9856856201521877,0.9931726105886843,0.9949375627144401,0.9867230336100608,0.9847152874605966,0.9930489054093257,0.9940163880721403,0.9846008243099817,0.9771973194298941,0.9913804767114339,0.9895938505203988,0.9743130272380841,0.9765665946013595,0.9912865251762406,0.9887867037663067,0.9726994350955142,0.975392927518092,0.9910990889478875,0.9871441975529912,0.9708159860214257,0.9730820144883575,0.9901067777645595,0.9841127126551388,0.965557961003756
97,False,5,21806, Answer,456.2452087402344,323.5693359375,0.8935710787773132,0.1308517230014612,0.9836748060871261,0.9931915255327599,0.994981404079674,0.9990613549283593,0.9785060442808426,0.9923044727137044,0.9783738674888139,0.9987598097762186,0.976116685908327,0.9916247138308888,0.9782678762229896,0.997018626192988,0.9661143324784951,0.9871461579786055,0.9776724318660746,0.9951094705997823,0.9658111784710051,0.9870549311709902,0.9690664264980366,0.9851822728492895,0.957124964788251,0.9834330954724149,0.9679684880499236,0.9817055596644558,0.9406792377018496,0.9772980928060707,0.9638935874844614,0.9778453027480637,0.9374773148725504,0.9749626516932878,0.9624400694830099,0.9773934310923784,0.9261061174947739,0.968545836210556,0.9604551215701221,0.9745424952651514,0.9128191055037657,0.9616622224734308,0.9583737257221882,0.9719525240921871
98,False,2,14080, YES,471.95587158203125,306.43096923828125,0.9408937096595764,0.1707955694948745,0.9905884186551841,0.9978563522496381,0.9986030935163654,0.9981477692779067,0.9895470287836339,0.9977652117437265,0.9985834400367699,0.9977228871489862,0.988404856644841,0.9970639118303581,0.99839199134264,0.9975911224114727,0.988381073232182,0.9969919578982562,0.9975631221746755,0.9969757256714902,0.9883682314817547,0.9969871659570754,0.9917225051742584,0.9824155711271237,0.9882465337515968,0.9965303764860806,0.9902187470293963,0.979954523866765,0.9847147697372204,0.9962100438712885,0.981560104059535,0.9653012228172213,0.9829459433128923,0.9958300123914156,0.980236120603417,0.9630134300069629,0.979172023543925,0.9951918355272108,0.9794073515799728,0.9615420902983856,0.9768722975986666,0.9942861620354071,0.9742907572172017,0.9545563591937584
99,True,2,5664, NO,455.9049072265625,297.66632080078125,0.9439201951026917,-0.08729619042092183,0.9917936397039433,0.9957801244638399,0.9995594487772103,0.9984332478452685,0.9884791743300235,0.9949008523118873,0.9992715421485449,0.9979686008855626,0.9881314598664381,0.9944303430813225,0.9991451584564105,0.9975671184244231,0.9881195488964348,0.9943532548555873,0.9980238737999518,0.9967297977375098,0.9879927178797632,0.9938228645101242,0.991821752152496,0.9830283486668384,0.9871142781589689,0.9937448418907234,0.9902628333767166,0.9804552527901823,0.9804485736329757,0.9927079398855858,0.9839171901016823,0.9683846875125262,0.9794043273371101,0.9925907798324592,0.9828812865918833,0.966610878179105,0.9786109778432635,0.9924855722940263,0.9813223146347724,0.9645860672578732,0.9771057989745929,0.9916005987094281,0.977415894409631,0.9585062134922536
